SG_PARTIDO,SG_UF,NM_URNA_CANDIDATO,NM_CANDIDATO,ELEITO_ANTERIOR,DS_GENERO,DS_COR_RACA,receita_total,QT_VOTOS_NOMINAIS,POSICAO,QT_VAGAS,ELEITO_REAL,ELEITO_DISTRITAO,DS_SIT_TOT_TURNO
PDT,RJ,CHICO D ANGELO,FRANCISCO JOSE D ANGELO PINTO,REELEITO,MASCULINO,BRANCA,609701.48,26417,68,46,1,0,ELEITO POR QP
PL,MA,JOSIMAR MARANHÃOZINHO,JOSIMAR CUNHA RODRIGUES,1a ELEIÇÃO,MASCULINO,PARDA,2494226.4,195768,1,18,1,1,ELEITO POR QP
PSB,MG,EMIDINHO MADEIRA,EMIDIO ALVES MADEIRA JUNIOR,1a ELEIÇÃO,MASCULINO,BRANCA,1358922.61,103533,23,53,1,1,ELEITO POR QP
PSDB,SP,SAMUEL MOREIRA,SAMUEL MOREIRA DA SILVA JÚNIOR,REELEITO,MASCULINO,BRANCA,1656350.49,103215,38,70,1,1,ELEITO POR QP
PL,AP,VINÍCIUS,VINÍCIUS DE AZEVEDO GURGEL,REELEITO,MASCULINO,BRANCA,1650000.0,18818,3,8,1,1,ELEITO POR QP
PT,SE,JOAO DANIEL,JOAO SOMARIVA DANIEL,REELEITO,MASCULINO,BRANCA,1075358.84,59933,5,8,1,1,ELEITO POR MÉDIA
PL,AM,MARCELO RAMOS,MARCELO RAMOS RODRIGUES,1a ELEIÇÃO,MASCULINO,PARDA,1428926.94,106805,6,8,1,1,ELEITO POR MÉDIA
Progressistas,BA,CACÁ LEÃO,CARLOS FELIPE VAZQUEZ DE SOUZA LEÃO,REELEITO,MASCULINO,BRANCA,2268584.0,106592,16,39,1,1,ELEITO POR QP
PCdoB,AC,PERPETUA ALMEIDA ,MARIA PERPETUA DE ALMEIDA ,1a ELEIÇÃO,FEMININO,BRANCA,907310.35,18374,7,8,1,1,ELEITO POR QP
PT,SP,ALENCAR SANTANA,ALENCAR SANTANA BRAGA,1a ELEIÇÃO,MASCULINO,BRANCA,684428.1200000001,67892,71,70,1,0,ELEITO POR MÉDIA
PTB,RS,MARCELO MORAES,MARCELO PIRES MORAES,1a ELEIÇÃO,MASCULINO,BRANCA,1276400.0,69904,28,31,1,1,ELEITO POR MÉDIA
PSDB,PB,EDNA HENRIQUE,EDNACE ALVES SILVESTRE HENRIQUE,1a ELEIÇÃO,FEMININO,BRANCA,834073.34,69935,11,12,1,1,ELEITO POR QP
Progressistas,PB,AGUINALDO RIBEIRO,AGUINALDO VELLOSO BORGES RIBEIRO,REELEITO,MASCULINO,BRANCA,1620539.02,120220,2,12,1,1,ELEITO POR QP
DEM,GO,ZÉ MARIO,JOSE MARIO SCHREINER,1a ELEIÇÃO,MASCULINO,BRANCA,947719.78,96188,7,17,1,1,ELEITO POR QP
PHS,BA,PASTOR ABILIO SANTANA,JOSE ABILIO SILVA DE SANTANA,1a ELEIÇÃO,MASCULINO,PRETA,37750.0,50345,47,39,1,0,ELEITO POR QP
Progressistas,DF,CELINA LEÃO,CELINA LEAO HIZIM,1a ELEIÇÃO,FEMININO,BRANCA,2220986.25,31610,9,8,1,0,ELEITO POR MÉDIA
PSL,RS,BIBO NUNES,ALCIBIO MESQUITA BIBO NUNES,1a ELEIÇÃO,MASCULINO,BRANCA,237216.9,91664,21,31,1,1,ELEITO POR QP
PSD,PA,JOAQUIM PASSARINHO,JOAQUIM PASSARINHO PINTO DE SOUZA PORTO,REELEITO,MASCULINO,PARDA,284946.5,95582,16,17,1,1,ELEITO POR QP
DEM,SP,MISSIONÁRIO JOSÉ OLIMPIO,JOSÉ OLIMPIO SILVEIRA MORAES,REELEITO,MASCULINO,BRANCA,716300.0,83400,55,70,0,1,SUPLENTE
PSL,RJ,LUIZ LIMA ,LUIZ EDUARDO CARNEIRO DA SILVA DE SOUZA LIMA,1a ELEIÇÃO,MASCULINO,PARDA,263661.79,115119,8,46,1,1,ELEITO POR QP
PDT,PR,GUSTAVO FRUET,GUSTAVO BONATO FRUET,1a ELEIÇÃO,MASCULINO,BRANCA,581116.21,113252,8,30,1,1,ELEITO POR QP
Avante,RJ,CHIQUINHO BRAZÃO,JOÃO FRANCISCO INÁCIO BRAZÃO,1a ELEIÇÃO,MASCULINO,BRANCA,461146.0,25817,71,46,1,0,ELEITO POR MÉDIA
PSOL,RJ,MARCELO FREIXO,MARCELO RIBEIRO FREIXO,1a ELEIÇÃO,MASCULINO,BRANCA,528414.2100000001,342491,2,46,1,1,ELEITO POR QP
PSL,RN,GENERAL GIRAO,ELIESER GIRAO MONTEIRO FILHO,1a ELEIÇÃO,MASCULINO,BRANCA,33747.0,81640,6,8,1,1,ELEITO POR QP
PTB,RS,RONALDO NOGUEIRA,RONALDO NOGUEIRA DE OLIVEIRA,REELEITO,MASCULINO,BRANCA,932945.0,62119,31,31,0,1,SUPLENTE
Avante,MG,LUIS TIBE,LUIS HENRIQUE DE OLIVEIRA RESENDE,REELEITO,MASCULINO,BRANCA,2280696.9600000004,50474,63,53,1,0,ELEITO POR QP
PT,RN,NATALIA BONAVIDES,NATALIA BASTOS BONAVIDES,1a ELEIÇÃO,FEMININO,BRANCA,571522.1000000001,112998,2,8,1,1,ELEITO POR QP
PT,RS,PAULO PIMENTA,PAULO ROBERTO SEVERO PIMENTA,REELEITO,MASCULINO,BRANCA,1008481.79,133086,4,31,1,1,ELEITO POR QP
Progressistas,RR,DR. HIRAN GONÇALVES,HIRAN MANUEL GONÇALVES DA SILVA,REELEITO,MASCULINO,PARDA,2090116.5599999987,13299,3,8,1,1,ELEITO POR MÉDIA
PSB,BA,MARCELO NILO,JOSÉ MARCELO DO NASCIMENTO NILO,1a ELEIÇÃO,MASCULINO,BRANCA,457910.0,115277,14,39,1,1,ELEITO POR QP
PSB,SP,JEFFERSON CAMPOS,JEFFERSON ALVES DE CAMPOS,REELEITO,MASCULINO,BRANCA,1342996.0,99974,41,70,1,1,ELEITO POR QP
Republicanos,PR,AROLDO MARTINS,JOSE AROLDO SOUZA MARTINS,1a ELEIÇÃO,MASCULINO,BRANCA,661385.0800000001,52572,36,30,1,0,ELEITO POR QP
PV,CE,CELIO STUDART,CELIO STUDART BARBOSA,1a ELEIÇÃO,MASCULINO,PARDA,738088.01,208854,2,22,1,1,ELEITO POR QP
PSOL,SP,IVAN VALENTE,IVAN VALENTE,REELEITO,MASCULINO,BRANCA,586837.81,155334,17,70,1,1,ELEITO POR QP
PSDB,SP,VITOR LIPPI,VITOR LIPPI,REELEITO,MASCULINO,BRANCA,1077228.0,120529,29,70,1,1,ELEITO POR QP
PSD,BA,ANTONIO BRITO,ANTONIO LUIZ PARANHOS RIBEIRO LEITE DE BRITO,REELEITO,MASCULINO,PRETA,1023420.8,127716,8,39,1,1,ELEITO POR QP
PSB,PI,ÁTILA LIRA,ÁTILA FREITAS LIRA,REELEITO,MASCULINO,BRANCA,1390743.35,54095,14,10,1,0,ELEITO POR MÉDIA
PTB,PA,EDUARDO COSTA,JOSE EDUARDO PEREIRA DA COSTA,1a ELEIÇÃO,MASCULINO,BRANCA,253758.05,75346,18,17,1,0,ELEITO POR MÉDIA
PCdoB,MA,RUBENS JUNIOR,RUBENS PEREIRA E SILVA JUNIOR,REELEITO,MASCULINO,BRANCA,943629.2,111584,5,18,1,1,ELEITO POR QP
PT,SP,ALEXANDRE PADILHA,ALEXANDRE ROCHA SANTOS PADILHA,1a ELEIÇÃO,MASCULINO,BRANCA,1036531.23,87576,50,70,1,1,ELEITO POR QP
PPL,BA,ULDÚRICO JÚNIOR,ULDURICO ALENCAR PINTO,REELEITO,MASCULINO,PARDA,237725.9,66343,38,39,1,1,ELEITO POR QP
DEM,BA,LEUR LOMANTO JR,LEUR ANTONIO DE BRITTO LOMANTO JUNIOR,1a ELEIÇÃO,MASCULINO,PARDA,738859.99,82110,32,39,1,1,ELEITO POR MÉDIA
Podemos,SP,PASTOR MARCO FELICIANO,MARCO ANTONIO FELICIANO,REELEITO,MASCULINO,BRANCA,1289772.55,239784,10,70,1,1,ELEITO POR QP
PT,BA,PELEGRINO,NELSON VICENTE PORTELA PELLEGRINO,REELEITO,MASCULINO,PARDA,1017133.55,101476,23,39,1,1,ELEITO POR QP
PL,SP,PAULO FREIRE COSTA,PAULO ROBERTO FREIRE DA COSTA,REELEITO,MASCULINO,BRANCA,2094265.71,109461,35,70,1,1,ELEITO POR QP
MDB,AL,ISNALDO BULHÕES,ISNALDO BULHÕES BARROS JUNIOR,1a ELEIÇÃO,MASCULINO,BRANCA,994073.7200000002,71847,6,9,1,1,ELEITO POR QP
Progressistas,RJ,JULIO LOPES,JULIO LUIZ BAPTISTA LOPES,REELEITO,MASCULINO,BRANCA,2430885.54,40831,41,46,0,1,SUPLENTE
PSDB,SP,EDUARDO CURY,EDUARDO PEDROSA CURY,REELEITO,MASCULINO,BRANCA,842250.0,94282,45,70,1,1,ELEITO POR MÉDIA
PSD,RO,EXPEDITO NETTO,EXPEDITO GONÇALVES FERREIRA NETTO,REELEITO,MASCULINO,PARDA,791089.05,39953,2,8,1,1,ELEITO POR QP
Cidadania,SP,ALEX MANENTE,ALEX SPINELLI MANENTE,REELEITO,MASCULINO,BRANCA,1370803.11,127366,24,70,1,1,ELEITO POR QP
PSB,PE,JOÃO CAMPOS,JOÃO HENRIQUE DE ANDRADE LIMA CAMPOS,1a ELEIÇÃO,MASCULINO,BRANCA,1791583.1,460387,1,25,1,1,ELEITO POR QP
PT,BA,JOSEILDO RAMOS,JOSEILDO RIBEIRO RAMOS,1a ELEIÇÃO,MASCULINO,PARDA,746343.75,73934,34,39,0,1,SUPLENTE
MDB,SP,BALEIA ROSSI,LUIZ FELIPE BALEIA TENUTO ROSSI,REELEITO,MASCULINO,BRANCA,1602000.0,214042,11,70,1,1,ELEITO POR QP
PSB,SC,RODRIGO COELHO,RODRIGO COELHO,1a ELEIÇÃO,MASCULINO,BRANCA,816258.64,43314,28,16,1,0,ELEITO POR QP
PDT,RS,AFONSO MOTTA,AFONSO ANTUNES DA MOTTA,REELEITO,MASCULINO,BRANCA,1598351.3,65712,30,31,1,1,ELEITO POR MÉDIA
DEM,PR,PEDRO LUPION,PEDRO DEBONI LUPION MELLO,1a ELEIÇÃO,MASCULINO,BRANCA,1036439.73,92300,17,30,1,1,ELEITO POR QP
NOVO,RS,MARCEL VAN HATTEM,MARCEL VAN HATTEM,1a ELEIÇÃO,MASCULINO,BRANCA,824605.6399999999,349855,1,31,1,1,ELEITO POR QP
PL,RJ,MARCÃO GOMES,MARCUS WELBER GOMES DA SILVA,1a ELEIÇÃO,MASCULINO,BRANCA,1570755.0,40901,40,46,0,1,SUPLENTE
DEM,BA,ELMAR,ELMAR JOSÉ VIEIRA NASCIMENTO,REELEITO,MASCULINO,BRANCA,1344750.0,103823,20,39,1,1,ELEITO POR QP
MDB,PA,ELCIONE,ELCIONE THEREZINHA ZAHLUTH BARBALHO,REELEITO,FEMININO,BRANCA,2074730.0,165202,3,17,1,1,ELEITO POR QP
PT,RS,BOHN GASS,ELVINO JOSÉ BOHN GASS,REELEITO,MASCULINO,BRANCA,1132680.1,102964,12,31,1,1,ELEITO POR QP
PDT,MA,GIL CUTRIM,GILLIANO FRED NASCIMENTO CUTRIM,1a ELEIÇÃO,MASCULINO,BRANCA,244084.82,72038,17,18,1,1,ELEITO POR MÉDIA
MDB,PR,HERMES FRANGÃO PARCIANELLO,HERMES PARCIANELLO,REELEITO,MASCULINO,BRANCA,1610965.2,110717,10,30,1,1,ELEITO POR QP
Podemos,GO,JOSÉ  NELTO,JOSÉ NELTO LAGARES DAS MERCEZ,1a ELEIÇÃO,MASCULINO,BRANCA,2394186.69,61809,18,17,1,0,ELEITO POR MÉDIA
Republicanos,MA,CLEBER VERDE,CLEBER VERDE CORDEIRO MENDES,REELEITO,MASCULINO,BRANCA,1092900.0,101806,10,18,1,1,ELEITO POR QP
PSD,PA,DELEGADO ÉDER MAURO,ÉDER MAURO CARDOSO BARRA,REELEITO,MASCULINO,PARDA,941876.87,145653,9,17,1,1,ELEITO POR QP
PT,MG,PADRE JOÃO,JOÃO CARLOS SIQUEIRA,REELEITO,MASCULINO,BRANCA,1026981.97,131228,10,53,1,1,ELEITO POR QP
PTB,CE,PEDRO BEZERRA,PEDRO AUGUSTO GEROMEL BEZERRA DE MENEZES,1a ELEIÇÃO,MASCULINO,BRANCA,733717.55,119030,10,22,1,1,ELEITO POR QP
PSB,RS,LIZIANE BAYER,LIZIANE BAYER DA COSTA,1a ELEIÇÃO,FEMININO,BRANCA,525472.85,52977,33,31,1,0,ELEITO POR QP
PSL,MG,DELEGADO MARCELO FREITAS,MARCELO EDUARDO FREITAS,1a ELEIÇÃO,MASCULINO,BRANCA,364411.63,58176,53,53,1,1,ELEITO POR QP
PSD,MA,EDILAZIO,EDILAZIO GOMES DA SILVA JUNIOR,1a ELEIÇÃO,MASCULINO,PARDA,953247.0,106578,7,18,1,1,ELEITO POR QP
PSL,RJ,CARLOS JORDY,CARLOS ROBERTO COELHO DE MATTOS JÚNIOR,1a ELEIÇÃO,MASCULINO,PARDA,59150.08,204048,4,46,1,1,ELEITO POR QP
PSD,PR,VERMELHO,NELSI COGUETTO MARIA,1a ELEIÇÃO,MASCULINO,BRANCA,1773807.92,70001,28,30,1,1,ELEITO POR MÉDIA
MDB,RJ,GUTEMBERG REIS,GUTEMBERG REIS DE OLIVEIRA,1a ELEIÇÃO,MASCULINO,BRANCA,806794.79,54573,25,46,1,1,ELEITO POR QP
PSC,GO,GLAUSTIN DA FOKUS,GLAUSKSTON BATISTA RIOS,1a ELEIÇÃO,MASCULINO,BRANCA,2013728.33,100437,6,17,1,1,ELEITO POR QP
PSDB,MG,AÉCIO NEVES,AÉCIO NEVES DA CUNHA,1a ELEIÇÃO,MASCULINO,BRANCA,2488921.01,106702,19,53,1,1,ELEITO POR QP
MDB,SC,VALDIR COLATTO,VALDIR COLATTO,REELEITO,MASCULINO,BRANCA,1543410.6700000004,71473,14,16,0,1,SUPLENTE
PSD,SP,CEZINHA DE MADUREIRA,ANTONIO CEZAR CORREIA FREIRE,1a ELEIÇÃO,MASCULINO,BRANCA,1063247.69,119024,31,70,1,1,ELEITO POR QP
Progressistas,BA,RONALDO CARLETTO,RONALDO CARLETTO,REELEITO,MASCULINO,BRANCA,1641584.8,118097,12,39,1,1,ELEITO POR QP
PDT,RS,POMPEO DE MATTOS,DARCI POMPEO DE MATTOS,REELEITO,MASCULINO,BRANCA,607780.0,80427,26,31,1,1,ELEITO POR QP
PSL,SP,GUIGA PEIXOTO,JOSÉ GUILHERME NEGRÃO PEIXOTO,1a ELEIÇÃO,MASCULINO,BRANCA,137984.32,31718,131,70,1,0,ELEITO POR QP
MDB,PI,MARCOS AURELIO SAMPAIO,MARCOS AURELIO PADUA RIBEIRO GONÇALVES DE SAMPAIO,1a ELEIÇÃO,MASCULINO,BRANCA,544504.03,73302,8,10,1,1,ELEITO POR MÉDIA
Progressistas,GO,ADRIANO DO BALDY,ADRIANO ANTÔNIO AVELAR,1a ELEIÇÃO,MASCULINO,BRANCA,2400382.0,77729,12,17,1,1,ELEITO POR MÉDIA
Republicanos,SC,HÉLIO COSTA,HÉLIO FRANCISCO DA COSTA,1a ELEIÇÃO,MASCULINO,PRETA,803873.06,179307,1,16,1,1,ELEITO POR QP
PSDB,SC,GEOVANIA DE SA,GEOVANIA DE SA RODRIGUES,REELEITO,FEMININO,BRANCA,2068810.0,101937,5,16,1,1,ELEITO POR QP
PT,AL,PAULÃO,PAULO FERNANDO DOS SANTOS,REELEITO,MASCULINO,PARDA,1032000.0,60900,8,9,1,1,ELEITO POR MÉDIA
PSD,ES,NEUCIMAR FRAGA,NEUCIMAR FERREIRA FRAGA,1a ELEIÇÃO,MASCULINO,PARDA,994142.26,53787,9,10,0,1,SUPLENTE
PT,AM,JOSÉ RICARDO,JOSE RICARDO WENDLING,1a ELEIÇÃO,MASCULINO,BRANCA,475719.07,197270,1,8,1,1,ELEITO POR QP
PSD,AL,MARX BELTRÃO,MARX BELTRÃO LIMA SIQUEIRA,REELEITO,MASCULINO,BRANCA,1073621.9400000002,139458,3,9,1,1,ELEITO POR QP
Republicanos,SP,VINICIUS CARVALHO,VINICIUS RAPOZO DE CARVALHO,REELEITO,MASCULINO,BRANCA,1243290.5,97862,44,70,1,1,ELEITO POR QP
Progressistas,MG,RENATO ANDRADE,RENATO BARBOSA DE ANDRADE,1a ELEIÇÃO,MASCULINO,BRANCA,1944126.49,62448,46,53,0,1,SUPLENTE
PSDB,RS,DANIEL DA TV,DANIEL TRZECIAK DUARTE,1a ELEIÇÃO,MASCULINO,BRANCA,192305.3,74789,27,31,1,1,ELEITO POR MÉDIA
PSD,RR,HAROLDO CATHEDRAL,HAROLDO ALVES CAMPOS,1a ELEIÇÃO,MASCULINO,BRANCA,1208667.5599999998,14751,1,8,1,1,ELEITO POR QP
PSC,PE,ANDRE FERREIRA,ANDRE FERREIRA RODRIGUES,1a ELEIÇÃO,MASCULINO,BRANCA,898086.04,175834,3,25,1,1,ELEITO POR QP
PT,PE,CARLOS VERAS,JOSÉ CARLOS VERAS DOS SANTOS,1a ELEIÇÃO,MASCULINO,BRANCA,458735.14,72005,21,25,1,1,ELEITO POR QP
Republicanos,AM,CAPITÃO ALBERTO NETO,ALBERTO BARROS CAVALCANTE NETO,1a ELEIÇÃO,MASCULINO,PARDA,884703.59,107168,5,8,1,1,ELEITO POR QP
Podemos,SP,ROBERTO DE LUCENA,ROBERTO ALVES DE LUCENA,REELEITO,MASCULINO,BRANCA,1244938.0,56033,83,70,1,0,ELEITO POR MÉDIA
PTB,RS,SANTINI,RONALDO SANTINI,1a ELEIÇÃO,MASCULINO,BRANCA,963100.0,68178,29,31,0,1,SUPLENTE
PTB,PR,LUISA CANZIANI,LUISA DOS SANTOS SILVEIRA,1a ELEIÇÃO,FEMININO,BRANCA,2260803.67,90249,18,30,1,1,ELEITO POR QP
PDT,MG,DR. MÁRIO HERINGER,MÁRIO LÚCIO HERINGER,REELEITO,MASCULINO,BRANCA,2265831.7,89046,28,53,1,1,ELEITO POR QP
PSL,SP,CARLA ZAMBELLI,CARLA ZAMBELLI SALGADO,1a ELEIÇÃO,FEMININO,BRANCA,517468.61,76306,62,70,1,1,ELEITO POR QP
PSL,SP,JOICE HASSELMANN,JOICE CRISTINA HASSELMANN,1a ELEIÇÃO,FEMININO,BRANCA,262592.32,1078666,2,70,1,1,ELEITO POR QP
Podemos,BA,BACELAR,JOÃO CARLOS BACELAR BATISTA,REELEITO,MASCULINO,BRANCA,965750.47,149274,3,39,1,1,ELEITO POR QP
PTB,MA,PEDRO LUCAS FERNANDES,PEDRO LUCAS ANDRADE FERNANDES RIBEIRO,1a ELEIÇÃO,MASCULINO,BRANCA,1260703.4000000004,111538,6,18,1,1,ELEITO POR QP
PSL,SP,GENERAL PETERNELLI,ROBERTO SEBASTIÃO PETERNELLI JUNIOR,1a ELEIÇÃO,MASCULINO,BRANCA,52562.88000000001,74190,66,70,1,1,ELEITO POR QP
PSB,SP,ROSANA VALLE,ROSANA DE OLIVEIRA VALLE,1a ELEIÇÃO,FEMININO,BRANCA,377148.25,106100,37,70,1,1,ELEITO POR QP
PT,PR,ZECA DIRCEU,JOSE CARLOS BECKER DE OLIVEIRA E SILVA,REELEITO,MASCULINO,BRANCA,993715.71,77306,21,30,1,1,ELEITO POR QP
DEM,RS,ONYX LORENZONI,ONYX DORNELLES LORENZONI,REELEITO,MASCULINO,BRANCA,1663630.0,183518,2,31,1,1,ELEITO POR QP
PT,PI,REJANE DIAS,REJANE RIBEIRO SOUSA DIAS,REELEITO,FEMININO,BRANCA,1149971.1000000006,138800,1,10,1,1,ELEITO POR QP
Republicanos,ES,AMARO NETO,AMARO ROCHA NASCIMENTO NETO,1a ELEIÇÃO,MASCULINO,BRANCA,1451448.0,181813,1,10,1,1,ELEITO POR QP
PSL,MG,CABO JUNIO AMARAL,GERALDO JUNIO DO AMARAL,1a ELEIÇÃO,MASCULINO,BRANCA,36147.88,158541,7,53,1,1,ELEITO POR QP
DEM,PA,OLIVAL MARQUES,OLIVAL HENRIQUE MARQUES DE SOUZA,1a ELEIÇÃO,MASCULINO,PARDA,523346.400000001,135398,11,17,1,1,ELEITO POR QP
PSDB,MG,RODRIGO DE CASTRO,RODRIGO BATISTA DE CASTRO,REELEITO,MASCULINO,BRANCA,1776495.1900000004,131120,11,53,1,1,ELEITO POR QP
MDB,SC,PENINHA,ROGERIO MENDONÇA,REELEITO,MASCULINO,BRANCA,1368815.5,76925,11,16,1,1,ELEITO POR MÉDIA
Progressistas,SP,GUILHERME MUSSI,GUILHERME MUSSI FERREIRA,REELEITO,MASCULINO,BRANCA,1773401.0,134301,22,70,1,1,ELEITO POR QP
PSL,RJ,DANIEL SILVEIRA,DANIEL LUCIO DA SILVEIRA,1a ELEIÇÃO,MASCULINO,BRANCA,34344.0,31789,57,46,1,0,ELEITO POR MÉDIA
Progressistas,RS,PEDRO WESTPHALEN,PEDRO BANDARRA WESTPHALEN,1a ELEIÇÃO,MASCULINO,BRANCA,1445460.0,97163,19,31,1,1,ELEITO POR QP
PSOL,RS,FERNANDA MELCHIONNA,FERNANDA MELCHIONNA E SILVA,1a ELEIÇÃO,FEMININO,BRANCA,347313.91,114302,8,31,1,1,ELEITO POR MÉDIA
Republicanos,SP,ROBERTO ALVES,BENEDITO ROBERTO ALVES FERREIRA,REELEITO,MASCULINO,BRANCA,1297210.86,82097,56,70,1,1,ELEITO POR QP
Republicanos,GO,JOÃO CAMPOS,JOÃO CAMPOS DE ARAÚJO,REELEITO,MASCULINO,BRANCA,1564314.7799999998,106014,5,17,1,1,ELEITO POR QP
PL,RN,JOÃO MAIA,JOÃO DA SILVA MAIA,1a ELEIÇÃO,MASCULINO,BRANCA,2463670.0,93505,4,8,1,1,ELEITO POR QP
Republicanos,AL,SEVERINO PESSÔA,SEVERINO DE LIRA PESSÔA,1a ELEIÇÃO,MASCULINO,PARDA,857655.9199999998,70413,7,9,1,1,ELEITO POR QP
PCdoB,BA,ALICE PORTUGAL,ALICE MAZZUCO PORTUGAL,REELEITO,FEMININO,BRANCA,1712765.9,126595,9,39,1,1,ELEITO POR QP
PT,PR,GLEISI LULA,GLEISI HELENA HOFFMANN,1a ELEIÇÃO,FEMININO,BRANCA,1345065.4,212513,3,30,1,1,ELEITO POR QP
PT,SC,PROFESSOR PEDRO UCZAI,PEDRO FRANCISCO UCZAI,REELEITO,MASCULINO,BRANCA,1201526.08,115232,3,16,1,1,ELEITO POR QP
PSB,SP,RODRIGO AGOSTINHO,RODRIGO ANTONIO DE AGOSTINHO MENDONÇA,1a ELEIÇÃO,MASCULINO,BRANCA,247357.08,100179,40,70,1,1,ELEITO POR QP
PSD,PR,SARGENTO FAHUR,GILSON CARDOSO FAHUR,1a ELEIÇÃO,MASCULINO,BRANCA,257145.0,314963,1,30,1,1,ELEITO POR QP
Republicanos,PR,LUIZÃO GOULART,LUIZ GOULARTE ALVES,1a ELEIÇÃO,MASCULINO,BRANCA,793830.0,141730,4,30,1,1,ELEITO POR QP
Republicanos,SP,MARIA ROSAS,MARIA DO PARTO MENDES ROSAS,1a ELEIÇÃO,FEMININO,BRANCA,2423442.36,71745,68,70,1,1,ELEITO POR MÉDIA
PL,AC,ANTÔNIA LÚCIA,ANTÔNIA LUCILÉIA CRUZ RAMOS CÂMARA,1a ELEIÇÃO,FEMININO,PARDA,1521700.0,15336,8,8,0,1,SUPLENTE
PL,PA,CRISTIANO VALE,CRISTIANO DUTRA VALE,1a ELEIÇÃO,MASCULINO,BRANCA,899335.63,176812,2,17,1,1,ELEITO POR QP
Avante,MG,ANDRE JANONES,ANDRE LUIS GASPAR JANONES,1a ELEIÇÃO,MASCULINO,BRANCA,209983.62,178660,3,53,1,1,ELEITO POR QP
MDB,MG,HERCÍLIO COELHO DINIZ,HERCÍLIO ARAÚJO DINIZ FILHO,1a ELEIÇÃO,MASCULINO,PARDA,2012153.08,120489,14,53,1,1,ELEITO POR QP
PSB,PE,GONZAGA PATRIOTA,LUIZ GONZAGA PATRIOTA,REELEITO,MASCULINO,BRANCA,1484245.2,80498,17,25,1,1,ELEITO POR QP
MDB,MT,CARLOS BEZERRA,CARLOS GOMES BEZERRA,REELEITO,MASCULINO,BRANCA,1883972.35,59155,5,8,1,1,ELEITO POR QP
PT,MG,ODAIR CUNHA,ODAIR JOSÉ DA CUNHA,REELEITO,MASCULINO,BRANCA,1627654.69,87891,29,53,1,1,ELEITO POR QP
PDT,SE,FÁBIO HENRIQUE,FABIO HENRIQUE SANTANA DE CARVALHO,1a ELEIÇÃO,MASCULINO,BRANCA,301002.5,35226,12,8,1,0,ELEITO POR MÉDIA
PSL,MT,NELSON BARBUDO,NELSON NED PREVIDENTE,1a ELEIÇÃO,MASCULINO,BRANCA,331815.0,126249,1,8,1,1,ELEITO POR QP
PT,MA,ZE CARLOS,JOSE CARLOS NUNES JUNIOR,REELEITO,MASCULINO,PARDA,920076.67,76893,15,18,1,1,ELEITO POR MÉDIA
PTB,PA,PAULO BENGTSON,PAULO EDUARDO MAESTRI BENGTSON,1a ELEIÇÃO,MASCULINO,BRANCA,1220980.0,96722,15,17,1,1,ELEITO POR QP
NOVO,SC,GILSON MARQUES,GILSON MARQUES VIEIRA,1a ELEIÇÃO,MASCULINO,BRANCA,184759.16,27443,37,16,1,0,ELEITO POR MÉDIA
Progressistas,CE,AJ ALBUQUERQUE,ANTONIO JOSE AGUIAR ALBUQUERQUE,1a ELEIÇÃO,MASCULINO,PARDA,981827.5,132319,7,22,1,1,ELEITO POR QP
PL,PE,SEBASTIÃO OLIVEIRA,SEBASTIÃO IGNACIO DE OLIVEIRA JUNIOR,REELEITO,MASCULINO,BRANCA,1553743.1200000003,129978,4,25,1,1,ELEITO POR QP
PT,MG,ROGÉRIO CORREIA,ROGERIO CORREIA DE MOURA BAPTISTA,1a ELEIÇÃO,MASCULINO,BRANCA,670294.36,131312,9,53,1,1,ELEITO POR QP
PT,MG,PAULO GUEDES,PAULO JOSÉ CARLOS GUEDES,1a ELEIÇÃO,MASCULINO,PARDA,866556.01,176841,4,53,1,1,ELEITO POR QP
PSL,RJ,FELÍCIO LATERÇA,FELÍCIO LATERÇA DE ALMEIDA,1a ELEIÇÃO,MASCULINO,BRANCA,114450.21,47065,33,46,1,1,ELEITO POR QP
PT,SP,CARLOS ZARATTINI,CARLOS ALBERTO ROLIM ZARATTINI,REELEITO,MASCULINO,BRANCA,1382109.93,137909,19,70,1,1,ELEITO POR QP
Republicanos,RR,AIRTON CASCAVEL,AIRTON ANTONIO SOLIGO,1a ELEIÇÃO,MASCULINO,BRANCA,595000.0,10490,8,8,0,1,SUPLENTE
Avante,BA,TITO,CARLOS TITO MARQUES CORDEIRO,1a ELEIÇÃO,MASCULINO,BRANCA,287180.0,48899,48,39,1,0,ELEITO POR QP
PROS,RJ,CLARISSA GARONTINHO,CLARISSA GAROTINHO BARROS ASSED MATHEUS DE OLIVEIRA,REELEITO,FEMININO,BRANCA,1983941.5,35131,54,46,1,0,ELEITO POR MÉDIA
PSD,RS,DANRLEI DE DEUS GOLEIRO,DANRLEI DE DEUS HINTERHOLZ,REELEITO,MASCULINO,BRANCA,1051478.47,102662,13,31,1,1,ELEITO POR QP
DEM,SP,DAVID SOARES,DAVID BEZERRA RIBEIRO SOARES,1a ELEIÇÃO,MASCULINO,BRANCA,570561.0800000001,99865,42,70,1,1,ELEITO POR MÉDIA
PL,AP,PATRICIA FERRAZ,PATRICIA LIMA FERRAZ,1a ELEIÇÃO,FEMININO,BRANCA,571500.0,12950,7,8,0,1,SUPLENTE
PDT,PB,DR DAMIÃO,DAMIÃO FELICIANO DA SILVA,REELEITO,MASCULINO,PRETA,582517.2,100876,4,12,1,1,ELEITO POR QP
PSDB,SP,LOBBE NETO,ANTONIO ADOLPHO LOBBE NETO,1a ELEIÇÃO,MASCULINO,BRANCA,1006000.0,73290,67,70,0,1,SUPLENTE
PDT,AC,JESUS SÉRGIO,JESUS SERGIO DE MENEZES,1a ELEIÇÃO,MASCULINO,PARDA,66561.66,9537,14,8,1,0,ELEITO POR MÉDIA
PSD,SP,MARCO BERTAIOLLI,MARCO AURELIO BERTAIOLLI,1a ELEIÇÃO,MASCULINO,BRANCA,1408948.26,137628,20,70,1,1,ELEITO POR QP
PCdoB,RJ,JANDIRA FEGHALI,JANDIRA FEGHALI,REELEITO,FEMININO,BRANCA,1591343.2000000004,71646,14,46,1,1,ELEITO POR QP
PCdoB,BA,DANIEL ALMEIDA,DANIEL GOMES DE ALMEIDA,REELEITO,MASCULINO,PARDA,1681998.939999999,114213,15,39,1,1,ELEITO POR QP
Cidadania,MG,FABIANO TOLENTINO,FABIANO GALLETTI TOLENTINO,1a ELEIÇÃO,MASCULINO,BRANCA,624843.0300000003,67008,40,53,0,1,SUPLENTE
PRP,BA,RAIMUNDO COSTA,RAIMUNDO MAGALHÃES COSTA,1a ELEIÇÃO,MASCULINO,PARDA,80410.0,38829,51,39,1,0,ELEITO POR MÉDIA
Progressistas,BA,MÁRIO NEGROMONTE JR,MÁRIO SILVIO MENDES NEGROMONTE JÚNIOR,REELEITO,MASCULINO,BRANCA,1803584.0,102512,22,39,1,1,ELEITO POR QP
DEM,SP,ALEXANDRE LEITE,ALEXANDRE LEITE DA SILVA,REELEITO,MASCULINO,BRANCA,1597273.7,116416,34,70,1,1,ELEITO POR QP
Podemos,MG,BRUCE MARTINS,ALLEFE BRUCE DE OLIVEIRA MARTINS,1a ELEIÇÃO,MASCULINO,BRANCA,1357354.51,58634,50,53,0,1,SUPLENTE
PROS,CE,VAIDON OLIVEIRA,FRANCISCO VAIDON OLIVEIRA,1a ELEIÇÃO,MASCULINO,PARDA,894686.74,30392,38,22,1,0,ELEITO POR QP
PSL,MG,MARCELO ALVARO ANTONIO,MARCELO HENRIQUE TEIXEIRA DIAS,REELEITO,MASCULINO,BRANCA,598069.75,230008,1,53,1,1,ELEITO POR QP
Progressistas,BA,CLAUDIO CAJADO,CLAUDIO CAJADO SAMPAIO,REELEITO,MASCULINO,BRANCA,2235342.0,104322,19,39,1,1,ELEITO POR QP
PL,PB,WELLINGTON ROBERTO,JOSÉ WELLINGTON ROBERTO,REELEITO,MASCULINO,PARDA,1660000.0,107465,3,12,1,1,ELEITO POR QP
PL,ES,LAURIETE,LAURIETE RODRIGUES DE JESUS MALTA,1a ELEIÇÃO,FEMININO,BRANCA,2312720.0,51983,11,10,1,0,ELEITO POR MÉDIA
PSL,RJ,LOURIVAL GOMES,LOURIVAL GOMES DE ALMEIDA,1a ELEIÇÃO,MASCULINO,PARDA,201791.49,41307,39,46,1,1,ELEITO POR QP
PT,MG,REGINALDO LOPES,REGINALDO LAZARO DE OLIVEIRA LOPES,REELEITO,MASCULINO,BRANCA,1056430.62,194332,2,53,1,1,ELEITO POR QP
PSB,RO,DR. MAURO NAZIF,MAURO NAZIF RASUL,1a ELEIÇÃO,MASCULINO,BRANCA,590712.0,30399,7,8,1,1,ELEITO POR MÉDIA
PCdoB,PE,RENILDO CALHEIROS,RENILDO VASCONCELOS CALHEIROS,1a ELEIÇÃO,MASCULINO,BRANCA,1383795.2200000002,57919,25,25,1,1,ELEITO POR QP
Progressistas,MG,ANA PAULA,ANA PAULA PROCOPIO JUNQUEIRA,1a ELEIÇÃO,FEMININO,BRANCA,2575061.29,62815,45,53,0,1,SUPLENTE
PL,BA,JOÃO BACELAR,JOAO CARLOS PAOLILO BACELAR FILHO,REELEITO,MASCULINO,BRANCA,2262703.75,84684,28,39,1,1,ELEITO POR MÉDIA
MDB,RJ,VINÍCIUS FARAH,VINICIUS MEDEIROS FARAH,1a ELEIÇÃO,MASCULINO,BRANCA,1260291.85,57707,21,46,1,1,ELEITO POR QP
PSB,RS,HEITOR SCHUCH,HEITOR JOSÉ SCHUCH,REELEITO,MASCULINO,BRANCA,1344700.0,109053,9,31,1,1,ELEITO POR QP
PDT,SP,TABATA AMARAL,TABATA CLAUDIA AMARAL DE PONTES,1a ELEIÇÃO,FEMININO,BRANCA,1290696.6,264450,6,70,1,1,ELEITO POR QP
Solidariedade,MG,ZÉ SILVA,JOSÉ SILVA SOARES,REELEITO,MASCULINO,BRANCA,1774659.84,109335,17,53,1,1,ELEITO POR QP
PV,PR,LEANDRE,LEANDRE DAL PONTE,REELEITO,FEMININO,BRANCA,1218867.24,123958,6,30,1,1,ELEITO POR QP
Podemos,PE,RICARDO TEOBALDO,RICARDO TEOBALDO CAVALCANTI,REELEITO,MASCULINO,PARDA,1007770.0,73551,20,25,1,1,ELEITO POR QP
PSD,RJ,ALEXANDRE SERFIOTIS,ALEXANDRE AUGUSTUS SERFIOTIS,REELEITO,MASCULINO,BRANCA,1073450.93,37526,49,46,1,0,ELEITO POR QP
PSL,RJ,PROFESSOR JOZIEL,JOZIEL FERREIRA CARLOS,1a ELEIÇÃO,MASCULINO,PRETA,37524.3,34274,55,46,1,0,ELEITO POR MÉDIA
Solidariedade,PR,MARCIO PAULIKI,MARCIO ADRIANO PAULIKI,1a ELEIÇÃO,MASCULINO,BRANCA,1235048.1,67125,30,30,0,1,SUPLENTE
PSD,AM,SIDNEY LEITE,SIDNEY RICARDO DE OLIVEIRA LEITE,1a ELEIÇÃO,MASCULINO,PARDA,853150.0,77458,7,8,1,1,ELEITO POR MÉDIA
PT,PI,ASSIS CARVALHO,FRANCISCO DE ASSIS CARVALHO GONÇALVES,REELEITO,MASCULINO,BRANCA,969720.0,129623,3,10,1,1,ELEITO POR QP
PSD,RN,FÁBIO FARIA,FÁBIO SALUSTINO MESQUITA DE FARIA,REELEITO,MASCULINO,BRANCA,1392476.0,70350,9,8,1,0,ELEITO POR MÉDIA
Cidadania,ES,DA VITORIA,JOSIAS MARIO DA VITORIA,1a ELEIÇÃO,MASCULINO,BRANCA,714237.13,74787,3,10,1,1,ELEITO POR QP
PDT,GO,FLAVIA MORAIS,FLAVIA CARREIRO ALBUQUERQUE MORAIS,REELEITO,FEMININO,BRANCA,1647841.19,169774,2,17,1,1,ELEITO POR QP
PL,BA,JOSE ROCHA,JOSE ALVES ROCHA,REELEITO,MASCULINO,BRANCA,1432599.54,84016,31,39,1,1,ELEITO POR MÉDIA
PSOL,SP,LUIZA ERUNDINA,LUIZA ERUNDINA DE SOUSA,REELEITO,FEMININO,BRANCA,326733.33,176883,13,70,1,1,ELEITO POR QP
MDB,MG,FABIO RAMALHO,FÁBIO AUGUSTO RAMALHO DOS SANTOS,REELEITO,MASCULINO,PARDA,2106256.69,63149,44,53,1,1,ELEITO POR QP
MDB,PA,PRIANTE,JOSÉ BENITO PRIANTE JUNIOR,REELEITO,MASCULINO,BRANCA,1532481.0,154647,5,17,1,1,ELEITO POR QP
PSD,BA,SÉRGIO BRITO,SERGIO LUIS LACERDA BRITO,REELEITO,MASCULINO,PARDA,847408.0,105427,17,39,1,1,ELEITO POR QP
MDB,SP,HERCULANO PASSOS,HERCULANO CASTILHO PASSOS JUNIOR,REELEITO,MASCULINO,BRANCA,1509416.66,49653,95,70,1,0,ELEITO POR MÉDIA
Progressistas,SP,TENENTE DERRITE,GUILHERME MURARO DERRITE,1a ELEIÇÃO,MASCULINO,BRANCA,842500.0,119034,30,70,1,1,ELEITO POR QP
Cidadania,RJ,MARCELO CALERO,MARCELO CALERO FARIA GARCIA,1a ELEIÇÃO,MASCULINO,BRANCA,1172722.23,50533,28,46,1,1,ELEITO POR QP
PL,SP,MARCIO ALVINO,MARCIO LUIZ ALVINO DE SOUZA,REELEITO,MASCULINO,BRANCA,958868.2,135844,21,70,1,1,ELEITO POR QP
Progressistas,SC,ANGELA AMIN,ANGELA REGINA HEINZEN AMIN HELOU,1a ELEIÇÃO,FEMININO,BRANCA,2498812.9000000004,86189,8,16,1,1,ELEITO POR QP
PSDB,SP,BRUNA FURLAN,BRUNA DIAS FURLAN,REELEITO,FEMININO,BRANCA,2507376.59,126847,25,70,1,1,ELEITO POR QP
PRP,RJ,WLADIMIR GAROTINHO,WLADIMIR BARROS ASSED MATHEUS DE OLIVEIRA,1a ELEIÇÃO,MASCULINO,BRANCA,134675.5,39398,44,46,1,1,ELEITO POR QP
PSDB,RJ,OTAVIO LEITE,OTAVIO SANTOS SILVA LEITE,REELEITO,MASCULINO,BRANCA,1173316.04,50374,29,46,0,1,SUPLENTE
Progressistas,PR,RICARDO BARROS,RICARDO JOSE MAGALHÃES BARROS,REELEITO,MASCULINO,BRANCA,1994838.83,80025,20,30,1,1,ELEITO POR QP
Solidariedade,PE,AUGUSTO COUTINHO,AUGUSTO RODRIGUES COUTINHO DE MELO,1a ELEIÇÃO,MASCULINO,BRANCA,1111088.77,77817,18,25,1,1,ELEITO POR MÉDIA
PSDB,RO,MARIANA CARVALHO,MARIANA FONSECA RIBEIRO CARVALHO DE MORAES,REELEITO,FEMININO,PARDA,2397398.9199999995,38776,3,8,1,1,ELEITO POR MÉDIA
PL,SP,POLICIAL KATIA SASTRE,KATIA DA SILVA SASTRE,1a ELEIÇÃO,FEMININO,BRANCA,1104000.0,264013,7,70,1,1,ELEITO POR QP
PSB,GO,ELIAS VAZ,ELIAS VAZ DE ANDRADE,1a ELEIÇÃO,MASCULINO,BRANCA,630741.5,74877,13,17,1,1,ELEITO POR QP
PSL,SP,ABOU ANNI,PAULO SERGIO ABOU ANNI,1a ELEIÇÃO,MASCULINO,BRANCA,447044.57,69256,70,70,1,1,ELEITO POR QP
DEM,MA,JUSCELINO FILHO,JOSÉ JUSCELINO DOS SANTOS REZENDE FILHO,REELEITO,MASCULINO,BRANCA,899506.2,97075,12,18,1,1,ELEITO POR MÉDIA
Patriota,SE,DR. EMÍLIA CORREA,EMILIA CORREA SANTOS,1a ELEIÇÃO,FEMININO,BRANCA,327250.0,52921,6,8,0,1,NÃO ELEITO
PDT,CE,IDILVAN,ANTONIO IDILVAN DE LIMA ALENCAR,1a ELEIÇÃO,MASCULINO,BRANCA,213108.78,154338,6,22,1,1,ELEITO POR QP
PDT,AL,RONALDO LESSA,RONALDO AUGUSTO LESSA SANTOS,REELEITO,MASCULINO,BRANCA,647564.52,55474,9,9,0,1,SUPLENTE
PTB,MT,EMANUELZINHO,EMANUEL PINHEIRO DA SILVA PRIMO,1a ELEIÇÃO,MASCULINO,BRANCA,1695920.0,76781,3,8,1,1,ELEITO POR QP
PSDB,RS,LUCAS REDECKER,LUCAS BELLO REDECKER,1a ELEIÇÃO,MASCULINO,BRANCA,1262571.2,114346,7,31,1,1,ELEITO POR QP
Progressistas,SP,RICARDO IZAR,RICARDO IZAR JUNIOR,REELEITO,MASCULINO,BRANCA,2288627.0,121869,28,70,1,1,ELEITO POR QP
Republicanos,RJ,DEJORGE PATRÍCIO,DEJORGE PATRICIO DA SILVA,1a ELEIÇÃO,MASCULINO,PARDA,805000.0,44069,38,46,0,1,SUPLENTE
Solidariedade,GO,LUCAS VERGÍLIO,LUCAS DE CASTRO SANTOS,REELEITO,MASCULINO,BRANCA,1780790.73,78431,11,17,1,1,ELEITO POR QP
PSL,PR,FELIPE FRANCISCHINI,LUIS FELIPE BONATTO FRANCISCHINI,1a ELEIÇÃO,MASCULINO,BRANCA,562929.0,241537,2,30,1,1,ELEITO POR QP
Solidariedade,SP,PAULINHO DA FORÇA,PAULO PEREIRA DA SILVA,REELEITO,MASCULINO,BRANCA,1007590.27,75613,63,70,1,1,ELEITO POR MÉDIA
PL,SP,MIGUEL LOMBARDI,MIGUEL LOMBARDI,REELEITO,MASCULINO,BRANCA,1986673.75,93093,46,70,1,1,ELEITO POR MÉDIA
Solidariedade,RO,TIZIU JIDALIAS,JIDALIAS DOS ANJOS PINTO,1a ELEIÇÃO,MASCULINO,PRETA,1165015.05,28577,8,8,0,1,SUPLENTE
PL,MA,JUNIOR LOURENÇO,JOSE LOURENÇO BONFIM JUNIOR,1a ELEIÇÃO,MASCULINO,PARDA,1649912.2,117033,4,18,1,1,ELEITO POR QP
PSD,MS,FABIO TRAD,FABIO RICARDO TRAD,1a ELEIÇÃO,MASCULINO,BRANCA,688674.0,89385,2,8,1,1,ELEITO POR QP
PSD,MG,MISAEL VARELLA,MISAEL ARTUR FERREIRA VARELLA,REELEITO,MASCULINO,BRANCA,2012825.85,128537,13,53,1,1,ELEITO POR QP
Republicanos,PA,VAVÁ MARTINS,WAGNER BACH MARTINS,1a ELEIÇÃO,MASCULINO,PARDA,790711.0,158717,4,17,1,1,ELEITO POR QP
PSDB,SP,MIGUEL HADDAD,MIGUEL MOUBADDA HADDAD,REELEITO,MASCULINO,BRANCA,1068386.4,86042,53,70,0,1,SUPLENTE
PSL,MS,TIO TRUTIS,LOESTER CARLOS GOMES DE SOUZA,1a ELEIÇÃO,MASCULINO,PARDA,12075.0,56339,6,8,1,1,ELEITO POR QP
PL,SP,CAPITÃO AUGUSTO,JOSÉ AUGUSTO ROSA,REELEITO,MASCULINO,BRANCA,2192352.75,242327,9,70,1,1,ELEITO POR QP
Solidariedade,CE,GENECIAS NORONHA,GENECIAS MATEUS NORONHA,REELEITO,MASCULINO,PARDA,715250.0,113515,11,22,1,1,ELEITO POR QP
PDT,PE,TÚLIO GADÊLHA,TÚLIO GADELHA SALES DE MELO,1a ELEIÇÃO,MASCULINO,BRANCA,163584.31,75642,19,25,1,1,ELEITO POR MÉDIA
DEM,MS,TEREZA CRISTINA,TEREZA CRISTINA CORREA DA COSTA DIAS,REELEITO,FEMININO,BRANCA,2239027.97,75068,4,8,1,1,ELEITO POR MÉDIA
PTB,RS,MAURÍCIO DZIEDRICKI,MAURÍCIO ALEXANDRE DZIEDRICKI,1a ELEIÇÃO,MASCULINO,BRANCA,971369.06,83617,25,31,1,1,ELEITO POR QP
PSB,SP,PROFESSOR LUIZ FLAVIO GOMES,LUIZ FLAVIO GOMES,1a ELEIÇÃO,MASCULINO,PARDA,1602528.24,86433,52,70,1,1,ELEITO POR MÉDIA
PT,SE,MARCIO MACÊDO,MARCIO COSTA MACÊDO,1a ELEIÇÃO,MASCULINO,BRANCA,1167858.18,49055,7,8,0,1,SUPLENTE
PROS,MG,WELITON PRADO,WELITON FERNANDES PRADO,REELEITO,MASCULINO,BRANCA,1785386.31,129199,12,53,1,1,ELEITO POR MÉDIA
PSB,PE,TADEU ALENCAR,FRANCISCO TADEU BARBOSA DE ALENCAR,REELEITO,MASCULINO,BRANCA,1384088.2,53597,29,25,1,0,ELEITO POR MÉDIA
PHS,RJ,GELSON AZEVEDO,GELSON DE AZEVEDO ALMEIDA,1a ELEIÇÃO,MASCULINO,BRANCA,379100.0,28216,62,46,1,0,ELEITO POR MÉDIA
PRP,DF,BIA KICIS,BEATRIZ KICIS TORRENTS DE SORDI,1a ELEIÇÃO,FEMININO,BRANCA,320714.03,86415,3,8,1,1,ELEITO POR MÉDIA
PSOL,RJ,TALÍRIA PETRONE,TALIRIA PETRONE SOARES,1a ELEIÇÃO,FEMININO,PRETA,268241.1,107317,9,46,1,1,ELEITO POR QP
DEM,RJ,JUNINHO DO PNEU,ROGERIO TEIXEIRA JUNIOR,1a ELEIÇÃO,MASCULINO,PARDA,241439.9,45087,35,46,1,1,ELEITO POR MÉDIA
Patriota,PE,PASTOR EURICO,FRANCISCO EURICO DA SILVA,REELEITO,MASCULINO,PARDA,475000.0,125025,5,25,1,1,ELEITO POR QP
PT,RS,HENRIQUE FONTANA,HENRIQUE FONTANA JÚNIOR,REELEITO,MASCULINO,BRANCA,1015344.0,108585,10,31,1,1,ELEITO POR QP
Solidariedade,MA,SIMPLÍCIO ARAÚJO,JOSE SIMPLICIO ALVES DE ARAUJO,1a ELEIÇÃO,MASCULINO,BRANCA,1526181.45,74059,16,18,0,1,SUPLENTE
MDB,RJ,LEONARDO PICCIANI,LEONARDO CARNEIRO MONTEIRO PICCIANI,REELEITO,MASCULINO,BRANCA,1701117.99,38665,46,46,0,1,SUPLENTE
PV,SP,ENRICO MISASI,ENRICO VAN BLARCUM DE GRAAFF MISASI,1a ELEIÇÃO,MASCULINO,BRANCA,383422.02,108038,36,70,1,1,ELEITO POR QP
PCdoB,AP,PROFESSORA MARCIVANIA,MARCIVANIA DO SOCORRO DA ROCHA FLEXA,REELEITO,FEMININO,PARDA,931000.0,14196,5,8,1,1,ELEITO POR MÉDIA
PT,BA,WALDENOR PEREIRA,WALDENOR ALVES PEREIRA FILHO,REELEITO,MASCULINO,PARDA,948676.18,121278,10,39,1,1,ELEITO POR QP
Progressistas,PI,MARGARETE COELHO,MARGARETE DE CASTRO COELHO,1a ELEIÇÃO,FEMININO,BRANCA,2422066.52,76338,7,10,1,1,ELEITO POR MÉDIA
Avante,MG,GREYCE ELIAS,GREYCE DE QUEIROZ ELIAS,1a ELEIÇÃO,FEMININO,BRANCA,1104046.83,37620,78,53,1,0,ELEITO POR QP
PSD,SC,RICARDO GUIDI,RICARDO ZANATTA GUIDI,1a ELEIÇÃO,MASCULINO,BRANCA,747836.2400000001,61830,17,16,1,0,ELEITO POR MÉDIA
PSOL,MG,AUREA CAROLINA,ÁUREA CAROLINA DE FREITAS E SILVA,1a ELEIÇÃO,FEMININO,PARDA,186777.03,162740,5,53,1,1,ELEITO POR QP
PT,PI,MERLONG SOLANO,MERLONG SOLANO NOGUEIRA,1a ELEIÇÃO,MASCULINO,BRANCA,454412.12,71840,9,10,0,1,SUPLENTE
PT,RN,MINEIRO,FERNANDO WANDERLEY VARGAS DA SILVA,1a ELEIÇÃO,MASCULINO,BRANCA,453006.85,98070,3,8,0,1,SUPLENTE
PHS,PE,FERNANDO RODOLFO,FERNANDO RODOLFO TENORIO DE VASCONCELOS,1a ELEIÇÃO,MASCULINO,PARDA,235692.2,52824,30,25,1,0,ELEITO POR MÉDIA
PSL,SP,CORONEL TADEU,MARCIO TADEU ANHAIA DE LEMOS,1a ELEIÇÃO,MASCULINO,BRANCA,70515.23999999999,98373,43,70,1,1,ELEITO POR QP
DEM,GO,DR. ZACARIAS CALIL,ZACARIAS CALIL HAMU,1a ELEIÇÃO,MASCULINO,BRANCA,578587.74,151508,3,17,1,1,ELEITO POR QP
Progressistas,RJ,DR. LUIZINHO,LUIZ ANTONIO DE SOUZA TEIXEIRA JÚNIOR,1a ELEIÇÃO,MASCULINO,BRANCA,1146962.9900000002,103745,11,46,1,1,ELEITO POR QP
Progressistas,RS,COVATTI FILHO,LUIS ANTONIO FRANCISCATTO COVATTI,REELEITO,MASCULINO,BRANCA,2400907.95,102063,14,31,1,1,ELEITO POR QP
PSL,RR,NICOLETTI,ANTONIO CARLOS NICOLETTI,1a ELEIÇÃO,MASCULINO,BRANCA,108440.0,12969,4,8,1,1,ELEITO POR MÉDIA
PSB,SP,LUIZ LAURO FILHO,LUIZ LAURO FERREIRA FILHO,REELEITO,MASCULINO,BRANCA,1670848.5,75535,64,70,0,1,SUPLENTE
DEM,PB,EFRAIM FILHO,EFRAIM DE ARAUJO MORAIS FILHO,REELEITO,MASCULINO,BRANCA,1301353.16,76089,9,12,1,1,ELEITO POR MÉDIA
PSL,MS,DR. LUIZ OVANDO,LUIZ ALBERTO OVANDO,1a ELEIÇÃO,MASCULINO,BRANCA,21648.0,50376,8,8,1,1,ELEITO POR MÉDIA
Progressistas,RS,JERÔNIMO GOERGEN,JERÔNIMO PIZZOLOTTO GOERGEN,REELEITO,MASCULINO,BRANCA,2336389.0,89707,22,31,1,1,ELEITO POR QP
PSB,RN,RAFAEL MOTTA,RAFAEL HUETE DA MOTTA,REELEITO,MASCULINO,BRANCA,1510000.0,82791,5,8,1,1,ELEITO POR QP
MDB,MG,MAURO LOPES,MAURO RIBEIRO LOPES,REELEITO,MASCULINO,BRANCA,1595296.69,58243,52,53,1,1,ELEITO POR MÉDIA
PSB,RJ,ALESSANDRO MOLON,ALESSANDRO LUCCIOLA MOLON,REELEITO,MASCULINO,BRANCA,1444606.01,227914,3,46,1,1,ELEITO POR QP
Podemos,MA,ALUISIO MENDES,ALUISIO GUIMARÃES MENDES FILHO,REELEITO,MASCULINO,BRANCA,874910.72,105778,8,18,1,1,ELEITO POR QP
DEM,BA,PAULO AZI,PAULO VELLOSO DANTAS AZI,REELEITO,MASCULINO,BRANCA,858625.0,84090,30,39,1,1,ELEITO POR QP
PSDB,MG,MARCUS PESTANA,MARCUS VINÍCIUS CAETANO PESTANA DA SILVA,REELEITO,MASCULINO,BRANCA,2165507.7300000004,72099,35,53,0,1,SUPLENTE
PDT,CE,ROBÉRIO MONTEIRO,MARCOS ROBERIO RIBEIRO MONTEIRO,1a ELEIÇÃO,MASCULINO,PARDA,181830.0,131275,8,22,1,1,ELEITO POR QP
Patriota,MG,DOUTOR FREDERICO,FREDERICO DE CASTRO ESCALEIRA,1a ELEIÇÃO,MASCULINO,BRANCA,350335.55,60950,47,53,1,1,ELEITO POR MÉDIA
PL,PI,CAPITÃO FÁBIO ABREU,FÁBIO ABREU COSTA,REELEITO,MASCULINO,PARDA,1492954.78,132719,2,10,1,1,ELEITO POR QP
DEM,RJ,RODRIGO MAIA,RODRIGO FELINTO IBARRA EPITÁCIO MAIA,REELEITO,MASCULINO,BRANCA,1829816.95,74232,13,46,1,1,ELEITO POR QP
DEM,SP,KIM KATAGUIRI,KIM PATROCA KATAGUIRI,1a ELEIÇÃO,MASCULINO,AMARELA,305495.99,465310,4,70,1,1,ELEITO POR QP
Progressistas,GO,PROFESSOR ALCIDES,ALCIDES RIBEIRO FILHO,1a ELEIÇÃO,MASCULINO,BRANCA,2470940.0,88545,9,17,1,1,ELEITO POR QP
PDT,BA,ALEX SANTANA,ALEX MARCO SANTANA SOUSA,1a ELEIÇÃO,MASCULINO,BRANCA,77750.0,62922,43,39,1,0,ELEITO POR MÉDIA
PSD,PR,NEY LEPREVOST,NEY LEPREVOST NETO,1a ELEIÇÃO,MASCULINO,BRANCA,2261169.63,92399,16,30,1,1,ELEITO POR QP
Cidadania,SP,ARNALDO JARDIM,ARNALDO CALIL PEREIRA JARDIM,REELEITO,MASCULINO,BRANCA,2297998.1,132363,23,70,1,1,ELEITO POR QP
PSL,SC,CAROLINE DE TONI,CAROLINE RODRIGUES DE TONI,1a ELEIÇÃO,FEMININO,BRANCA,82637.1,109363,4,16,1,1,ELEITO POR QP
PT,BA,ZÉ NETO,JOSÉ CERQUEIRA DE SANTANA NETO,1a ELEIÇÃO,MASCULINO,BRANCA,982312.27,129196,7,39,1,1,ELEITO POR QP
PDT,CE,MAURO FILHO,CARLOS MAURO BENEVIDES FILHO,1a ELEIÇÃO,MASCULINO,PARDA,698236.7,157510,5,22,1,1,ELEITO POR QP
MDB,SE,FABIO REIS,FABIO DE ALMEIDA REIS,REELEITO,MASCULINO,BRANCA,1505965.96,64879,3,8,1,1,ELEITO POR QP
PSDB,RR,SHÉRIDAN,SHÉRIDAN ESTÉRFANY OLIVEIRA DE ANCHIETA,REELEITO,FEMININO,BRANCA,2342527.5,12129,5,8,1,1,ELEITO POR QP
DC,RJ,LUIZ ANTÔNIO,LUIZ ANTONIO DA COSTA CARVALHO CORREA DA SILVA,1a ELEIÇÃO,MASCULINO,BRANCA,239156.22,50284,30,46,1,1,ELEITO POR QP
Republicanos,BA,MARCIO MARINHO,MARCIO CARLOS MARINHO,REELEITO,MASCULINO,PRETA,1659271.21,95204,25,39,1,1,ELEITO POR QP
Podemos,PR,DIEGO GARCIA,DIEGO ALEXSANDER GONÇALO PAULA GARCIA,REELEITO,MASCULINO,BRANCA,508200.0,103154,12,30,1,1,ELEITO POR QP
PSB,MG,VILSON DA FETAEMG,VILSON LUIZ DA SILVA,1a ELEIÇÃO,MASCULINO,BRANCA,552396.1100000001,70481,37,53,1,1,ELEITO POR QP
PSL,ES,DRA. SORAYA MANATO,SORAYA DE SOUZA MANNATO,1a ELEIÇÃO,FEMININO,BRANCA,295643.25,57741,6,10,1,1,ELEITO POR QP
PDT,PE,WOLNEY QUEIROZ,WOLNEY QUEIROZ MACIEL,REELEITO,MASCULINO,BRANCA,753210.98,82592,15,25,1,1,ELEITO POR QP
PSDB,AP,LUIZ CARLOS,LUIZ CARLOS GOMES DOS SANTOS JUNIOR,1a ELEIÇÃO,MASCULINO,BRANCA,851808.45,14069,6,8,1,1,ELEITO POR QP
PSD,BA,OTTO ALENCAR FILHO,OTTO ROBERTO MENDONÇA DE ALENCAR FILHO,1a ELEIÇÃO,MASCULINO,BRANCA,991037.52,185428,2,39,1,1,ELEITO POR QP
Republicanos,SP,MILTON VIEIRA,MILTON VIEIRA PINTO,1a ELEIÇÃO,MASCULINO,BRANCA,1319885.86,77413,60,70,1,1,ELEITO POR QP
PSB,PE,DANILO CABRAL,DANILO JORGE DE BARROS CABRAL,REELEITO,MASCULINO,BRANCA,1356223.91,91635,13,25,1,1,ELEITO POR QP
PSB,PE,FELIPE CARRERAS,FELIPE AUGUSTO LYRA CARRERAS,REELEITO,MASCULINO,BRANCA,1734819.3199999996,114268,8,25,1,1,ELEITO POR QP
PT,RS,MARIA DO ROSÁRIO,MARIA DO ROSÁRIO NUNES,REELEITO,FEMININO,BRANCA,1024155.65,97303,18,31,1,1,ELEITO POR MÉDIA
PSB,BA,LÍDICE DA MATA,LÍDICE DA MATA E SOUZA,1a ELEIÇÃO,FEMININO,PARDA,1753913.52,104348,18,39,1,1,ELEITO POR QP
Progressistas,ES,EVAIR DE MELO,EVAIR VIEIRA DE MELO,REELEITO,MASCULINO,BRANCA,1145012.38,48412,12,10,1,0,ELEITO POR MÉDIA
PT,SC,ANA PAULA LIMA,ANA PAULA DE SOUZA LIMA,1a ELEIÇÃO,FEMININO,BRANCA,1065270.56,76304,12,16,0,1,SUPLENTE
PSB,CE,DENIS BEZERRA,DENIS ANDERSON DA ROCHA BEZERRA,1a ELEIÇÃO,MASCULINO,BRANCA,622320.0,106294,13,22,1,1,ELEITO POR QP
MDB,MG,NEWTON CARDOSO JR,NEWTON CARDOSO JÚNIOR,REELEITO,MASCULINO,BRANCA,2078878.19,69900,38,53,1,1,ELEITO POR QP
PROS,CE,CAPITÃO WAGNER,WAGNER SOUSA GOMES,1a ELEIÇÃO,MASCULINO,BRANCA,332745.6,303593,1,22,1,1,ELEITO POR QP
Cidadania,DF,PAULA BELMONTE,PAULA MORENO PARO BELMONTE,1a ELEIÇÃO,FEMININO,BRANCA,2500000.0,46069,7,8,1,1,ELEITO POR MÉDIA
Solidariedade,PE,KAIO MANIÇOBA,KAIO CÉSAR DE MOURA MANIÇOBA NOVAES FERRAZ,REELEITO,MASCULINO,BRANCA,900125.9,61287,24,25,0,1,SUPLENTE
PSDB,BA,ADOLFO VIANA ,ADOLFO VIANA DE CASTRO NETO,1a ELEIÇÃO,MASCULINO,BRANCA,1204707.62,102603,21,39,1,1,ELEITO POR QP
DEM,RJ,MARCOS SOARES,MARCOS BEZERRA RIBEIRO SOARES,REELEITO,MASCULINO,BRANCA,1214985.0,44262,37,46,0,1,SUPLENTE
PSDB,SP,VANDERLEI MACRIS,VANDERLEI MACRIS,REELEITO,MASCULINO,BRANCA,2217566.0,102708,39,70,1,1,ELEITO POR QP
PTB,PB,WILSON SANTIAGO,JOSÉ WILSON SANTIAGO,1a ELEIÇÃO,MASCULINO,PARDA,1873365.19,86208,7,12,1,1,ELEITO POR MÉDIA
PT,TO,CELIO MOURA,CELIO ALVES DE MOURA,1a ELEIÇÃO,MASCULINO,BRANCA,459045.34,18167,11,8,1,0,ELEITO POR MÉDIA
PSL,GO,MAJOR VITOR HUGO,VITOR HUGO DE ARAUJO ALMEIDA,1a ELEIÇÃO,MASCULINO,PARDA,132938.29,31190,28,17,1,0,ELEITO POR QP
MDB,AC,FLAVIANO MELO,FLAVIANO FLAVIO BAPTISTA DE MELO,REELEITO,MASCULINO,BRANCA,1694200.0,18723,6,8,1,1,ELEITO POR MÉDIA
PSDB,GO,FÁBIO SOUSA,FÁBIO FERNANDES DE SOUSA,REELEITO,MASCULINO,BRANCA,1364978.2000000002,67130,16,17,0,1,SUPLENTE
PSL,RJ,MAJOR FABIANA,FABIANA SILVA DE SOUZA,1a ELEIÇÃO,FEMININO,BRANCA,95567.21,57611,22,46,1,1,ELEITO POR QP
Republicanos,PE,SILVIO COSTA FILHO,SILVIO SERAFIM COSTA FILHO,1a ELEIÇÃO,MASCULINO,BRANCA,1177926.94,109185,10,25,1,1,ELEITO POR QP
PSL,SP,ALEXANDRE FROTA,ALEXANDRE FROTA DE ANDRADE,1a ELEIÇÃO,MASCULINO,BRANCA,24758.29,155522,16,70,1,1,ELEITO POR QP
PSL,SP,JUNIOR BOZZELLA,NICOLINO BOZZELLA JUNIOR,1a ELEIÇÃO,MASCULINO,BRANCA,392500.0,78712,58,70,1,1,ELEITO POR QP
PSD,PI,JÚLIO CESAR,JULIO CESAR DE CARVALHO LIMA,REELEITO,MASCULINO,BRANCA,936780.5,110804,5,10,1,1,ELEITO POR QP
Progressistas,AP,ANDRE ABDON,ANDRE DOS SANTOS ABDON,REELEITO,MASCULINO,PARDA,1677925.45,12856,8,8,1,1,ELEITO POR MÉDIA
DEM,RJ,SÓSTENES,SÓSTENES SILVA CAVALCANTE,REELEITO,MASCULINO,BRANCA,1234317.25,94203,12,46,1,1,ELEITO POR QP
PT,MS,VANDER LOUBET,VANDER LUIZ DOS SANTOS LOUBET,REELEITO,MASCULINO,BRANCA,888711.13,55970,7,8,1,1,ELEITO POR MÉDIA
Avante,AP,LEDA SADALA,LEDA MARIA SADALA BRITO,1a ELEIÇÃO,FEMININO,PARDA,225408.45,11301,9,8,1,0,ELEITO POR QP
PSL,GO,DELEGADO WALDIR,WALDIR SOARES DE OLIVEIRA,REELEITO,MASCULINO,PARDA,495539.25000000006,274406,1,17,1,1,ELEITO POR QP
PSC,SP,GILBERTO NASCIMENTO,GILBERTO NASCIMENTO SILVA,REELEITO,MASCULINO,BRANCA,1291060.71,91797,48,70,1,1,ELEITO POR MÉDIA
PSD,GO,FRANCISCO JR,FRANCISCO RODRIGUES VALE JUNIOR,1a ELEIÇÃO,MASCULINO,BRANCA,1258573.98,111788,4,17,1,1,ELEITO POR QP
MDB,RO,LUCIO MOSQUINI,LUCIO ANTONIO MOSQUINI,REELEITO,MASCULINO,PARDA,1864088.5,38630,4,8,1,1,ELEITO POR MÉDIA
PSOL,PA,EDMILSON RODRIGUES,EDMILSON BRITO RODRIGUES,REELEITO,MASCULINO,BRANCA,740751.79,184042,1,17,1,1,ELEITO POR QP
PSDB,GO,JEAN CARLO,JEAN CARLO DOS SANTOS,1a ELEIÇÃO,MASCULINO,BRANCA,2070647.72,67729,15,17,0,1,SUPLENTE
Progressistas,MT,NERI GELLER,NERI GELLER,1a ELEIÇÃO,MASCULINO,BRANCA,2441815.41,73072,4,8,1,1,ELEITO POR MÉDIA
PDT,MG,SUBTENENTE GONZAGA,LUIZ GONZAGA RIBEIRO,REELEITO,MASCULINO,BRANCA,541045.51,93932,26,53,1,1,ELEITO POR QP
PT,DF,ERIKA KOKAY,ERIKA JUCA KOKAY,REELEITO,FEMININO,BRANCA,1094402.13,89986,2,8,1,1,ELEITO POR MÉDIA
PDT,ES,SERGIO VIDIGAL,ANTONIO SERGIO ALVES VIDIGAL,REELEITO,MASCULINO,PARDA,903588.57,73030,5,10,1,1,ELEITO POR QP
PSL,SC,CORONEL ARMANDO,LUIZ ARMANDO SCHROEDER REIS,1a ELEIÇÃO,MASCULINO,BRANCA,53428.0,60069,19,16,1,0,ELEITO POR MÉDIA
PSB,AP,CAMILO CAPIBERIBE,CARLOS CAMILO GOES CAPIBERIBE,1a ELEIÇÃO,MASCULINO,PARDA,507211.0,24987,1,8,1,1,ELEITO POR MÉDIA
PROS,PR,TONINHO WANDSCHEER,ANTONIO WANDSCHEER,REELEITO,MASCULINO,BRANCA,1952753.39,72475,26,30,1,1,ELEITO POR MÉDIA
PSDB,SC,MARCO TEBALDI,MARCO ANTONIO TEBALDI,REELEITO,MASCULINO,BRANCA,1136376.46,71528,13,16,0,1,SUPLENTE
Republicanos,CE,RONALDO MARTINS,RONALDO MANCHADO MARTINS,REELEITO,MASCULINO,BRANCA,1141661.17,101089,17,22,0,1,SUPLENTE
Republicanos,SP,MARCOS PEREIRA,MARCOS ANTONIO PEREIRA,1a ELEIÇÃO,MASCULINO,BRANCA,2496213.479999999,139165,18,70,1,1,ELEITO POR QP
DEM,AC,ALAN RICK,ALAN RICK MIRANDA,REELEITO,MASCULINO,BRANCA,932786.4,22263,3,8,1,1,ELEITO POR QP
PSD,PA,JÚNIOR FERRARI,JOÃO FERRARI JUNIOR,1a ELEIÇÃO,MASCULINO,PARDA,489888.75,146678,7,17,1,1,ELEITO POR QP
PDT,CE,ANDRÉ FIGUEIREDO,ANDRE PEIXOTO FIGUEIREDO LIMA,REELEITO,MASCULINO,BRANCA,822615.0,103385,14,22,1,1,ELEITO POR QP
PSD,CE,DOMINGOS NETO,DOMINGOS GOMES DE AGUIAR NETO,REELEITO,MASCULINO,BRANCA,1073020.0,111154,12,22,1,1,ELEITO POR QP
PSD,PE,ANDRE DE PAULA,ANDRE CARLOS ALVES DE PAULA FILHO,REELEITO,MASCULINO,BRANCA,1296683.14,118641,6,25,1,1,ELEITO POR QP
MDB,RS,GIOVANI FELTES,GIOVANI BATISTA FELTES,REELEITO,MASCULINO,BRANCA,1861703.47,93088,20,31,1,1,ELEITO POR QP
MDB,RS,MÁRCIO BIOLCHI,MARCIO DELLA VALLE BIOLCHI,REELEITO,MASCULINO,BRANCA,1616478.47,100362,15,31,1,1,ELEITO POR QP
PT,MG,PATRUS ANANIAS,PATRUS ANANIAS DE SOUZA,REELEITO,MASCULINO,BRANCA,1103220.03,112724,16,53,1,1,ELEITO POR QP
Solidariedade,TO,ELI BORGES,ELI DIAS BORGES,1a ELEIÇÃO,MASCULINO,PARDA,1115272.05,48812,4,8,1,1,ELEITO POR QP
PSL,MG,LÉO MOTTA,ELIEL MÁRCIO DO CARMO,1a ELEIÇÃO,MASCULINO,PRETA,254675.0,51073,62,53,1,0,ELEITO POR QP
NOVO,MG,TIAGO MITRAUD,TIAGO LIMA MITRAUD DE CASTRO LEITE,1a ELEIÇÃO,MASCULINO,BRANCA,814831.85,71901,36,53,1,1,ELEITO POR QP
NOVO,SP,ADRIANA VENTURA,ADRIANA MIGUEL VENTURA,1a ELEIÇÃO,FEMININO,BRANCA,395097.72,64341,75,70,1,0,ELEITO POR QP
PHS,MG,MARCELO ARO,MARCELO GUILHERME DE ARO FERREIRA,REELEITO,MASCULINO,BRANCA,1876696.94,107219,18,53,1,1,ELEITO POR QP
PSC,MG,EUCLYDES PETTERSEN ,EUCLYDES MARCOS PETTERSEN NETO,1a ELEIÇÃO,MASCULINO,BRANCA,1622782.92,65316,42,53,1,1,ELEITO POR QP
PL,RS,GIOVANI CHERINI,GIOVANI CHERINI,REELEITO,MASCULINO,BRANCA,2314456.97,151719,3,31,1,1,ELEITO POR QP
PSL,BA,PROF. DAYANE PIMENTEL,DAYANE JAMILLE CARNEIRO DOS SANTOS PIMENTEL,1a ELEIÇÃO,FEMININO,BRANCA,484950.0,136742,4,39,1,1,ELEITO POR QP
PSL,RJ,SARGENTO GURGEL,JOÃO CARLOS SOARES GURGEL,1a ELEIÇÃO,MASCULINO,PARDA,50480.55,62089,19,46,1,1,ELEITO POR QP
PSD,RJ,FLORDELIS,FLORDELIS DOS SANTOS DE SOUZA,1a ELEIÇÃO,FEMININO,BRANCA,1101538.05,196959,5,46,1,1,ELEITO POR QP
DEM,MG,BILAC PINTO,OLAVO BILAC PINTO NETO,REELEITO,MASCULINO,BRANCA,1493433.0000000002,87683,30,53,1,1,ELEITO POR QP
PTC,RN,BENES LEOCADIO,LUIZ BENES LEOCADIO DE ARAUJO,1a ELEIÇÃO,MASCULINO,BRANCA,1110005.7,125841,1,8,1,1,ELEITO POR QP
Solidariedade,SE,GUSTINHO RIBEIRO,LUIZ AUGUSTO CARVALHO RIBEIRO FILHO,1a ELEIÇÃO,MASCULINO,BRANCA,849900.0,64132,4,8,1,1,ELEITO POR QP
Solidariedade,AC,DRA. VANDA MILANI,VANDA DENIR MILANI NOGUEIRA,1a ELEIÇÃO,FEMININO,BRANCA,1450000.0,22219,4,8,1,1,ELEITO POR QP
Progressistas,RJ,CHRISTINO AUREO,CHRISTINO ÁUREO DA SILVA,1a ELEIÇÃO,MASCULINO,BRANCA,1646503.53,47101,32,46,1,1,ELEITO POR MÉDIA
PSB,PA,CÁSSIO ANDRADE,CÁSSIO COELHO ANDRADE,1a ELEIÇÃO,MASCULINO,PARDA,562612.8,130768,12,17,1,1,ELEITO POR QP
PSDB,SP,CARLOS SAMPAIO,CARLOS HENRIQUE FOCESI SAMPAIO,REELEITO,MASCULINO,BRANCA,1818666.48,125666,26,70,1,1,ELEITO POR QP
PROS,MG,EROS BIONDINI,EROS FERREIRA BIONDINI,REELEITO,MASCULINO,BRANCA,1135562.6,157394,8,53,1,1,ELEITO POR QP
Republicanos,BA,JOÃO ROMA,JOÃO INÁCIO RIBEIRO ROMA NETO,1a ELEIÇÃO,MASCULINO,BRANCA,1041069.0,84455,29,39,1,1,ELEITO POR QP
PMN,MG,ZÉ VITOR,JOSE VITOR DE RESENDE AGUIAR,1a ELEIÇÃO,MASCULINO,BRANCA,232041.66,32833,83,53,1,0,ELEITO POR QP
MDB,RN,WALTER ALVES,WALTER PEREIRA ALVES,REELEITO,MASCULINO,BRANCA,1611327.83,79333,7,8,1,1,ELEITO POR QP
Patriota,MA,JUNIOR MARRECA FILHO,ANTONIO DA CRUZ FILGUEIRA NETO,1a ELEIÇÃO,MASCULINO,BRANCA,80200.0,79674,13,18,1,1,ELEITO POR QP
PSD,RJ,HUGO LEAL,HUGO LEAL MELO DA SILVA,REELEITO,MASCULINO,BRANCA,1917659.74,63561,18,46,1,1,ELEITO POR QP
PSD,BA,PAULO MAGALHÃES ,PAULO SERGIO PARANHOS DE MAGALHÃES,REELEITO,MASCULINO,BRANCA,975310.0,69164,35,39,0,1,SUPLENTE
Podemos,RO,LÉO MORAES,LEONARDO BARRETO DE MORAES,1a ELEIÇÃO,MASCULINO,BRANCA,974820.96,69565,1,8,1,1,ELEITO POR QP
DEM,MG,ÁLVARO DAMIÃO DA ITATIAIA,ÁLVARO DAMIÃO VIEIRA DA PAZ,1a ELEIÇÃO,MASCULINO,BRANCA,933991.13,59351,49,53,0,1,SUPLENTE
MDB,TO,DULCE MIRANDA,DULCE FERREIRA PAGANI MIRANDA,REELEITO,FEMININO,BRANCA,2468800.0,40719,7,8,1,1,ELEITO POR MÉDIA
Solidariedade,TO,TIAGO DIMAS,TIAGO BRAGA PEREIRA,1a ELEIÇÃO,MASCULINO,BRANCA,1947721.04,71842,1,8,1,1,ELEITO POR QP
PHS,MG,FRANCO CARTAFINA,FRANCO CARTAFINA GOMES,1a ELEIÇÃO,MASCULINO,BRANCA,304679.48,53390,57,53,1,0,ELEITO POR QP
PDT,PI,FLAVIO NOGUEIRA,FLAVIO RODRIGUES NOGUEIRA,1a ELEIÇÃO,MASCULINO,PARDA,731120.2,111672,4,10,1,1,ELEITO POR QP
PSD,MG,DIEGO ANDRADE,DIEGO LEONARDO DE ANDRADE CARVALHO,REELEITO,MASCULINO,BRANCA,1562760.96,105803,21,53,1,1,ELEITO POR QP
MDB,ES,LELO COIMBRA,WELINGTON COIMBRA,REELEITO,MASCULINO,BRANCA,2389868.8,52765,10,10,0,1,NÃO ELEITO
PL,DF,FLAVIA ARRUDA,FLAVIA CAROLINA PERES,1a ELEIÇÃO,FEMININO,PARDA,2404000.0,121340,1,8,1,1,ELEITO POR QP
PTC,PI,DRA. MARINA,MARINA SANTOS BATISTA DIAS,1a ELEIÇÃO,FEMININO,BRANCA,603046.1599999998,70828,10,10,1,1,ELEITO POR MÉDIA
PSB,CE,ODORICO,LUIZ ODORICO MONTEIRO DE ANDRADE,REELEITO,MASCULINO,BRANCA,1474335.0,77308,21,22,0,1,SUPLENTE
PT,RJ,BENEDITA DA SILVA ,BENEDITA SOUZA DA SILVA SAMPAIO ,REELEITO,FEMININO,PRETA,1049233.54,44804,36,46,1,1,ELEITO POR QP
PSDB,MG,PAULO ABI ACKEL,PAULO ABI-ACKEL,REELEITO,MASCULINO,BRANCA,2047458.69,79797,33,53,1,1,ELEITO POR QP
Solidariedade,RJ,AUREO,AUREO LIDIO MOREIRA RIBEIRO,REELEITO,MASCULINO,BRANCA,1932932.48,68414,15,46,1,1,ELEITO POR QP
Republicanos,RJ,JORGE BRAZ ,JORGE BRAZ DE OLIVEIRA ,1a ELEIÇÃO,MASCULINO,PARDA,444910.0,58113,20,46,0,1,SUPLENTE
PSL,RS,SANDERSON FEDERAL,UBIRATAN ANTUNES SANDERSON,1a ELEIÇÃO,MASCULINO,BRANCA,95929.75,88559,23,31,1,1,ELEITO POR QP
MDB,SC,CELSO MALDANER,CELSO MALDANER,REELEITO,MASCULINO,BRANCA,1747019.89,80086,10,16,1,1,ELEITO POR QP
PSL,RJ,CHRIS TONIETTO,CHRISTINE NOGUEIRA DOS REIS TONIETTO,1a ELEIÇÃO,FEMININO,PARDA,78396.34,38525,47,46,1,0,ELEITO POR QP
PT,BA,AFONSO FLORENCE,AFONSO BANDEIRA FLORENCE,REELEITO,MASCULINO,PARDA,1077143.55,130548,6,39,1,1,ELEITO POR QP
PDT,MS,DAGOBERTO,DAGOBERTO NOGUEIRA FILHO,REELEITO,MASCULINO,BRANCA,1840819.0,40233,9,8,1,0,ELEITO POR MÉDIA
Progressistas,RN,BETO,CARLOS ALBERTO DE SOUSA ROSADO SEGUNDO,REELEITO,MASCULINO,BRANCA,1335286.0,71092,8,8,1,1,ELEITO POR MÉDIA
MDB,SC,CARLOS CHIODINI,CARLOS ALBERTO CHIODINI,1a ELEIÇÃO,MASCULINO,BRANCA,1001000.0,97613,6,16,1,1,ELEITO POR QP
Progressistas,MG,DIMAS FABIANO,DIMAS FABIANO TOLEDO JUNIOR,REELEITO,MASCULINO,BRANCA,2367961.4,74223,34,53,1,1,ELEITO POR MÉDIA
NOVO,SP,VINICIUS POIT,VINICIUS LAZZER POIT,1a ELEIÇÃO,MASCULINO,BRANCA,1283047.97,207118,12,70,1,1,ELEITO POR QP
PT,SP,RUI FALCÃO,RUI GOETHE DA COSTA FALCÃO,1a ELEIÇÃO,MASCULINO,BRANCA,1066491.93,158389,15,70,1,1,ELEITO POR QP
PL,CE,DR.JAZIEL,JAZIEL PEREIRA DE SOUSA,1a ELEIÇÃO,MASCULINO,BRANCA,1700000.0,65300,25,22,1,0,ELEITO POR MÉDIA
PDT,RO,SILVIA CRISTINA,SILVIA CRISTINA AMANCIO CHAGAS,1a ELEIÇÃO,FEMININO,PRETA,310017.89,33038,6,8,1,1,ELEITO POR QP
PSD,SE,FÁBIO MITIDIERI,FÁBIO CRUZ MITIDIERI,REELEITO,MASCULINO,PARDA,764546.96,102899,1,8,1,1,ELEITO POR QP
PSL,MG,ALÊ SILVA,ALESSANDRA DA SILVA,1a ELEIÇÃO,FEMININO,BRANCA,83700.0,48043,64,53,1,0,ELEITO POR MÉDIA
PSDB,PA,NILSON PINTO,NILSON PINTO DE OLIVEIRA,REELEITO,MASCULINO,PARDA,1071285.2,148972,6,17,1,1,ELEITO POR QP
PSL,SP,EDUARDO BOLSONARO,EDUARDO NANTES BOLSONARO,REELEITO,MASCULINO,BRANCA,218330.58,1843735,1,70,1,1,ELEITO POR QP
Progressistas,SP,FAUSTO PINATO,FAUSTO RUY PINATO,REELEITO,MASCULINO,BRANCA,1929824.92,118684,32,70,1,1,ELEITO POR QP
PT,CE,JOSE AIRTON,JOSE AIRTON FELIX CIRILO DA SILVA,REELEITO,MASCULINO,PRETA,1028425.87,74099,22,22,1,1,ELEITO POR QP
Cidadania,PA,JORDY,ARNALDO JORDY FIGUEIREDO,REELEITO,MASCULINO,PARDA,1178129.8100000005,82672,17,17,0,1,SUPLENTE
PSDB,MS,ROSE MODESTO,ROSIANE MODESTO DE OLIVEIRA,1a ELEIÇÃO,FEMININO,PARDA,778745.0,120901,1,8,1,1,ELEITO POR QP
PSDB,AL,TEREZA NELMA,TEREZA NELMA DA SILVA PORTO VIANA SOARES,1a ELEIÇÃO,FEMININO,BRANCA,824703.0,44207,12,9,1,0,ELEITO POR MÉDIA
Patriota,CE,JÚNIOR MANO,ANTÔNIO LUIZ RODRIGUES MANO JÚNIOR,1a ELEIÇÃO,MASCULINO,PARDA,555464.0,67917,23,22,1,0,ELEITO POR QP
DEM,PA,HÉLIO LEITE,HÉLIO LEITE DA SILVA,REELEITO,MASCULINO,PARDA,1052810.0,102554,14,17,1,1,ELEITO POR MÉDIA
PT,CE,GUIMARAES,JOSE NOBRE GUIMARAES,REELEITO,MASCULINO,BRANCA,1183262.8,173039,4,22,1,1,ELEITO POR QP
PL,AL,SÉRGIO TOLEDO,SÉRGIO TOLEDO DE ALBUQUERQUE,1a ELEIÇÃO,MASCULINO,BRANCA,1458222.6800000004,98201,4,9,1,1,ELEITO POR QP
MDB,MA,JOÃO MARCELO,JOÃO MARCELO SANTOS SOUZA,REELEITO,MASCULINO,BRANCA,1502500.0,67352,18,18,1,1,ELEITO POR MÉDIA
PSD,BA,JOSÉ NUNES,JOSE NUNES SOARES,REELEITO,MASCULINO,BRANCA,1244167.53,99535,24,39,1,1,ELEITO POR QP
PT,BA,JORGE SOLLA,JORGE JOSÉ SANTOS PEREIRA SOLLA,REELEITO,MASCULINO,PARDA,1193416.75,135657,5,39,1,1,ELEITO POR QP
PSL,RS,NEREU CRISPIN,NEREU CRISPIM,1a ELEIÇÃO,MASCULINO,BRANCA,38108.36,32200,46,31,1,0,ELEITO POR MÉDIA
NOVO,RJ,PAULO GANIME,PAULO GUSTAVO GANIME ALVES TEIXEIRA,1a ELEIÇÃO,MASCULINO,BRANCA,298835.2599999999,52983,26,46,1,1,ELEITO POR QP
Podemos,SP,RENATA ABREU,RENATA HELLMEISTER DE ABREU,REELEITO,FEMININO,BRANCA,2270038.6500000004,161239,14,70,1,1,ELEITO POR QP
PSL,RJ,DELEGADO ANTÔNIO FURTADO,ANTÔNIO DA LUZ FURTADO,1a ELEIÇÃO,MASCULINO,PARDA,77940.3,104211,10,46,1,1,ELEITO POR QP
Podemos,DF,PROFESSOR PACCO,MARCOS PACCO RIBEIRO COELHO,1a ELEIÇÃO,MASCULINO,PARDA,1052310.97,39300,8,8,0,1,SUPLENTE
PRP,GO,ALCIDES RODRIGUES,ALCIDES RODRIGUES FILHO,1a ELEIÇÃO,MASCULINO,BRANCA,758847.33,64941,17,17,1,1,ELEITO POR MÉDIA
Republicanos,SP,CELSO RUSSOMANNO,CELSO UBIRAJARA RUSSOMANNO,REELEITO,MASCULINO,BRANCA,2157533.84,521728,3,70,1,1,ELEITO POR QP
PSL,PB,JULIAN LEMOS,GULLIEM CHARLES BEZERRA LEMOS,1a ELEIÇÃO,MASCULINO,PARDA,368948.0,71899,10,12,1,1,ELEITO POR QP
Republicanos,AC,PASTOR MANUEL MARCOS,MANUEL MARCOS CARVALHO DE MESQUITA,1a ELEIÇÃO,MASCULINO,PARDA,850000.0,7489,18,8,1,0,ELEITO POR MÉDIA
MDB,RS,OSMAR TERRA,OSMAR GASPARINI TERRA,REELEITO,MASCULINO,BRANCA,1682264.1,86305,24,31,1,1,ELEITO POR MÉDIA
PSL,RJ,HELIO FERNANDO BARBOSA LOPES,HELIO FERNANDO BARBOSA LOPES,1a ELEIÇÃO,MASCULINO,PRETA,78717.5,345234,1,46,1,1,ELEITO POR QP
PSDB,MG,EDUARDO BARBOSA,EDUARDO LUIZ BARROS BARBOSA,REELEITO,MASCULINO,BRANCA,1262786.03,105969,20,53,1,1,ELEITO POR QP
Cidadania,SC,CARMEN ZANOTTO,CARMEN EMILIA BONFÁ ZANOTTO,REELEITO,FEMININO,BRANCA,1244707.48,84703,9,16,1,1,ELEITO POR MÉDIA
PSL,RO,CORONEL CHRISÓSTOMO,JOAO CHRISÓSTOMO DE MOURA,1a ELEIÇÃO,MASCULINO,PARDA,50300.0,28344,9,8,1,0,ELEITO POR MÉDIA
MDB,PE,RAUL HENRY,RAUL JEAN LOUIS HENRY JUNIOR,1a ELEIÇÃO,MASCULINO,BRANCA,1071511.34,87585,14,25,1,1,ELEITO POR QP
PL,GO,MAGDA MOFATTO,MAGDA MOFATTO HON,REELEITO,FEMININO,BRANCA,2371063.48,88894,8,17,1,1,ELEITO POR QP
Solidariedade,MT,DR LEONARDO,LEONARDO RIBEIRO ALBUQUERQUE,1a ELEIÇÃO,MASCULINO,BRANCA,1121791.3,52335,7,8,1,1,ELEITO POR QP
Republicanos,RJ,WAGNER MONTES,WAGNER MONTES DOS SANTOS,1a ELEIÇÃO,MASCULINO,BRANCA,773078.5,65868,16,46,1,1,ELEITO POR QP
PT,PE,MARÍLIA ARRAES,MARÍLIA VALENÇA ROCHA ARRAES DE ALENCAR,1a ELEIÇÃO,FEMININO,BRANCA,1283597.9500000002,193108,2,25,1,1,ELEITO POR QP
Progressistas,AL,ARTHUR LIRA,ARTHUR CESAR PEREIRA DE LIRA,REELEITO,MASCULINO,PARDA,1741793.16,143858,2,9,1,1,ELEITO POR QP
PT,SP,PAULO TEIXEIRA,LUIZ PAULO TEIXEIRA FERREIRA,REELEITO,MASCULINO,BRANCA,1783998.52,78512,59,70,1,1,ELEITO POR QP
PSL,PR,ALINE SLEUTJES,ALINE SLEUTJES,1a ELEIÇÃO,FEMININO,BRANCA,101260.35,33628,46,30,1,0,ELEITO POR QP
DEM,BA,ALELUIA,JOSÉ CARLOS ALELUIA COSTA,REELEITO,MASCULINO,BRANCA,1189025.5,68257,37,39,0,1,SUPLENTE
MDB,PR,SÉRGIO SOUZA,SERGIO DE SOUZA,REELEITO,MASCULINO,BRANCA,1870944.05,94077,15,30,1,1,ELEITO POR QP
PSD,PR,EVANDRO ROMAN,EVANDRO ROGERIO ROMAN,REELEITO,MASCULINO,BRANCA,1748172.46,67909,29,30,0,1,SUPLENTE
PL,PR,CHRISTIANE YARED,CHRISTIANE DE SOUZA YARED,REELEITO,FEMININO,BRANCA,2499683.3200000008,107636,11,30,1,1,ELEITO POR QP
MDB,AC,JÉSSICA SALES,JESSICA ROJAS SALES,REELEITO,FEMININO,PARDA,2409200.0,28717,2,8,1,1,ELEITO POR QP
PT,GO,RUBENS OTONI,RUBENS OTONI GOMIDE,REELEITO,MASCULINO,BRANCA,920713.82,83063,10,17,1,1,ELEITO POR MÉDIA
PV,DF,PROFESSOR ISRAEL,ISRAEL MATOS BATISTA,1a ELEIÇÃO,MASCULINO,BRANCA,697295.3,67598,5,8,1,1,ELEITO POR QP
PL,TO,VICENTINHO JUNIOR,VICENTE ALVES DE OLIVEIRA JUNIOR,REELEITO,MASCULINO,PARDA,1392484.0,49868,3,8,1,1,ELEITO POR QP
PSDB,PB,PEDRO CUNHA LIMA,PEDRO OLIVEIRA CUNHA LIMA,REELEITO,MASCULINO,BRANCA,1268604.15,76754,8,12,1,1,ELEITO POR QP
PSOL,SP,SÂMIA BOMFIM,SAMIA DE SOUZA BOMFIM,1a ELEIÇÃO,FEMININO,BRANCA,369320.59,249887,8,70,1,1,ELEITO POR QP
Progressistas,PE,EDUARDO DA FONTE,EDUARDO HENRIQUE DA FONTE DE ALBUQUERQUE SILVA,REELEITO,MASCULINO,BRANCA,2033433.15,113640,9,25,1,1,ELEITO POR QP
PL,RJ,ALTINEU CORTES,ALTINEU CORTES FREITAS COUTINHO,REELEITO,MASCULINO,PARDA,1368651.41,55367,24,46,1,1,ELEITO POR QP
PSL,SC,FABIO SCHIOCHET,FABIO LUIZ SCHIOCHET FILHO,1a ELEIÇÃO,MASCULINO,BRANCA,244955.72,87345,7,16,1,1,ELEITO POR QP
Republicanos,BA,TIA ERON,ERONILDES VASCONCELOS CARVALHO,REELEITO,FEMININO,PRETA,1674360.6,69153,36,39,0,1,SUPLENTE
PSL,CE,HEITOR FREIRE,HEITOR RODRIGO PEREIRA FREIRE,1a ELEIÇÃO,MASCULINO,BRANCA,64280.0,97201,18,22,1,1,ELEITO POR MÉDIA
Podemos,MG,IGOR TIMO,IGOR TARCIANO TIMO,1a ELEIÇÃO,MASCULINO,PARDA,2117666.69,60509,48,53,1,1,ELEITO POR QP
PDT,RS,MARLON SANTOS,MARLON ARATOR SANTOS DA ROSA,1a ELEIÇÃO,MASCULINO,BRANCA,205720.0,116483,6,31,1,1,ELEITO POR QP
PSDB,MG,CARLOS MOSCONI,CARLOS EDUARDO VENTURELLI MOSCONI,1a ELEIÇÃO,MASCULINO,BRANCA,938146.03,65362,41,53,0,1,SUPLENTE
PTB,AL,NIVALDO ALBUQUERQUE,NIVALDO FERREIRA DE ALBUQUERQUE NETO,1a ELEIÇÃO,MASCULINO,BRANCA,1282622.5,84956,5,9,1,1,ELEITO POR QP
PL,SP,TIRIRICA,FRANCISCO EVERARDO OLIVEIRA SILVA,REELEITO,MASCULINO,PARDA,1203200.0,453855,5,70,1,1,ELEITO POR QP
PT,PA,BETO FARO,JOSE ROBERTO OLIVEIRA FARO,REELEITO,MASCULINO,PARDA,923100.0,143822,10,17,1,1,ELEITO POR QP
Progressistas,AM,ATILA LINS,ATILA SIDNEY LINS DE ALBUQUERQUE,REELEITO,MASCULINO,BRANCA,2029855.21,118700,3,8,1,1,ELEITO POR QP
NOVO,MG,LUCAS GONZALEZ,LUCAS DE VASCONCELOS GONZALEZ,1a ELEIÇÃO,MASCULINO,BRANCA,664682.4299999999,64022,43,53,1,1,ELEITO POR QP
Progressistas,MG,PINHEIRINHO,ANTÔNIO PINHEIRO NETO,1a ELEIÇÃO,MASCULINO,BRANCA,2139422.05,98404,25,53,1,1,ELEITO POR QP
PSDB,PR,ROSSONI,VALDIR LUIZ ROSSONI,REELEITO,MASCULINO,BRANCA,1214245.23,72096,27,30,0,1,SUPLENTE
PSB,ES,FOLETTO,PAULO ROBERTO FOLETTO,REELEITO,MASCULINO,BRANCA,1368067.53,55957,8,10,1,1,ELEITO POR MÉDIA
PROS,AP,ACÁCIO FAVACHO,ACÁCIO DA SILVA FAVACHO NETO,1a ELEIÇÃO,MASCULINO,BRANCA,807712.3,19111,2,8,1,1,ELEITO POR QP
PSDB,PB,RUY CARNEIRO,RUY MANUEL CARNEIRO BARBOSA DE AÇA BELCHIOR,1a ELEIÇÃO,MASCULINO,BRANCA,997111.64,61259,12,12,1,1,ELEITO POR MÉDIA
PSD,PR,SANDRO ALEX,SANDRO ALEX CRUZ DE OLIVEIRA,REELEITO,MASCULINO,BRANCA,1336875.0,124512,5,30,1,1,ELEITO POR QP
Republicanos,RS,CARLOS GOMES,ANTONIO CARLOS GOMES DA SILVA,REELEITO,MASCULINO,BRANCA,902764.35,103373,11,31,1,1,ELEITO POR QP
PL,RJ,SORAYA SANTOS,SORAYA ALENCAR DOS SANTOS,REELEITO,FEMININO,BRANCA,2415096.0,48328,31,46,1,1,ELEITO POR QP
PT,MT,PROFESSORA ROSA NEIDE,ROSA NEIDE SANDES DE ALMEIDA,1a ELEIÇÃO,FEMININO,BRANCA,849716.97,51015,8,8,1,1,ELEITO POR MÉDIA
PSL,MT,VICTÓRIO GALLI,VICTORIO GALLI FILHO,REELEITO,MASCULINO,BRANCA,722277.64,52947,6,8,0,1,SUPLENTE
PT,CE,LUIZIANNE,LUIZIANNE DE OLIVEIRA LINS,REELEITO,FEMININO,BRANCA,1020720.0,173777,3,22,1,1,ELEITO POR QP
MDB,RS,ALCEU MOREIRA,ALCEU MOREIRA DA SILVA,REELEITO,MASCULINO,BRANCA,1999910.32,100341,16,31,1,1,ELEITO POR QP
PSDB,MS,BETO PEREIRA,HUMBERTO REZENDE PEREIRA,1a ELEIÇÃO,MASCULINO,PARDA,833539.3000000005,80500,3,8,1,1,ELEITO POR QP
Progressistas,SE,LAERCIO OLIVEIRA,LAERCIO JOSE DE OLIVEIRA,REELEITO,MASCULINO,BRANCA,1774533.5799999996,68014,2,8,1,1,ELEITO POR QP
Avante,BA,PASTOR SARGENTO ISIDÓRIO,MANOEL ISIDORIO DE SANTANA JUNIOR,1a ELEIÇÃO,MASCULINO,PRETA,708069.9800000002,323264,1,39,1,1,ELEITO POR QP
PSB,MA,BIRA DO PINDARÉ,UBIRAJARA DO PINDARÉ ALMEIDA SOUSA,1a ELEIÇÃO,MASCULINO,PRETA,573580.0,99598,11,18,1,1,ELEITO POR QP
PROS,PE,JOÃO FERNANDO COUTINHO,JOÃO FERNANDO PONTUAL COUTINHO,REELEITO,MASCULINO,BRANCA,1327366.38,63939,23,25,0,1,SUPLENTE
PSDB,AM,CONCEIÇÃO SAMPAIO,MARIA DA CONCEIÇÃO SAMPAIO MOURA,REELEITO,FEMININO,PARDA,2131609.6,76073,8,8,0,1,SUPLENTE
DEM,RJ,PEDRO PAULO,PEDRO PAULO CARVALHO TEIXEIRA,REELEITO,MASCULINO,BRANCA,1637051.3000000003,56646,23,46,1,1,ELEITO POR QP
PT,PA,AIRTON FALEIRO,AIRTON LUIZ FALEIRO,1a ELEIÇÃO,MASCULINO,BRANCA,604750.0,106965,13,17,1,1,ELEITO POR MÉDIA
PSD,MG,STEFANO AGUIAR,STEFANO AGUIAR DOS SANTOS,REELEITO,MASCULINO,BRANCA,375073.75,115795,15,53,1,1,ELEITO POR QP
Progressistas,PI,IRACEMA PORTELLA,IRACEMA MARIA PORTELLA NUNES NOGUEIRA LIMA,REELEITO,FEMININO,BRANCA,2500500.0,96277,6,10,1,1,ELEITO POR QP
PSDB,SP,CARLOS BEZERRA JR,CARLOS ALBERTO DE QUADROS BEZERRA JUNIOR,1a ELEIÇÃO,MASCULINO,BRANCA,751564.88,76588,61,70,0,1,SUPLENTE
PSL,AM,DELEGADO PABLO,PABLO OLIVA SOUZA,1a ELEIÇÃO,MASCULINO,PARDA,56965.15,151649,2,8,1,1,ELEITO POR QP
DEM,PE,FERNANDO FILHO,FERNANDO BEZERRA DE SOUZA COELHO FILHO,REELEITO,MASCULINO,BRANCA,2023103.0,92188,12,25,1,1,ELEITO POR QP
PSC,RJ,OTONI DE PAULA,OTONI MOURA DE PAULO JUNIOR,1a ELEIÇÃO,MASCULINO,PARDA,275342.97,120498,7,46,1,1,ELEITO POR QP
Progressistas,RO,JAQUELINE CASSOL,DIRLAINE JAQUELINE CASSOL,1a ELEIÇÃO,FEMININO,BRANCA,2410862.0,34193,5,8,1,1,ELEITO POR QP
PSC,PR,PAULO MARTINS,PAULO EDUARDO LIMA MARTINS,1a ELEIÇÃO,MASCULINO,PARDA,1159768.0,118754,7,30,1,1,ELEITO POR QP
Progressistas,TO,LAZARO BOTELHO,LAZARO BOTELHO MARTINS,REELEITO,MASCULINO,BRANCA,1759802.35,40270,8,8,0,1,SUPLENTE
PL,SE,BOSCO COSTA,JOÃO BOSCO DA COSTA,1a ELEIÇÃO,MASCULINO,PARDA,2130630.0,47788,8,8,1,1,ELEITO POR QP
PMN,MA,EDUARDO BRAIDE,EDUARDO SALIM BRAIDE,1a ELEIÇÃO,MASCULINO,BRANCA,448760.0,189843,2,18,1,1,ELEITO POR QP
PMN,MA,PASTOR GILDENEMYR,GILDENEMIR DE LIMA SOUSA,1a ELEIÇÃO,MASCULINO,PARDA,107800.0,47757,24,18,1,0,ELEITO POR MÉDIA
Republicanos,RR,JHONATAN DE JESUS,JOHNATHAN PEREIRA DE JESUS,REELEITO,MASCULINO,PARDA,945545.0,13429,2,8,1,1,ELEITO POR QP
PSD,SC,DARCI DE MATOS,DARCI DE MATOS,1a ELEIÇÃO,MASCULINO,BRANCA,303809.0,68130,15,16,1,1,ELEITO POR QP
PT,MG,LEONARDO MONTEIRO,JOSÉ LEONARDO COSTA MONTEIRO,REELEITO,MASCULINO,PRETA,860395.08,68686,39,53,1,1,ELEITO POR QP
PHS,BA,IGOR KANNARIO,ANDERSON MACHADO DE JESUS,1a ELEIÇÃO,MASCULINO,PARDA,36010.0,54858,45,39,1,0,ELEITO POR QP
DEM,TO,PROFESSORA DORINHA,MARIA AUXILIADORA SEABRA REZENDE,REELEITO,FEMININO,BRANCA,2182658.0,48008,6,8,1,1,ELEITO POR MÉDIA
PSDB,CE,ROBERTO PESSOA,ROBERTO SOARES PESSOA,1a ELEIÇÃO,MASCULINO,PARDA,600671.0,102470,15,22,1,1,ELEITO POR QP
PSD,BA,CHARLES FERNANDES,CHARLES FERNANDES SILVEIRA SANTANA,1a ELEIÇÃO,MASCULINO,PARDA,959636.43,74116,33,39,1,1,ELEITO POR MÉDIA
PSDB,BA,IMBASSAHY,ANTONIO JOSÉ IMBASSAHY DA SILVA,REELEITO,MASCULINO,BRANCA,1551266.81,66320,39,39,0,1,SUPLENTE
PSB,PB,GERVÁSIO MAIA,GERVÁSIO AGRIPINO MAIA,1a ELEIÇÃO,MASCULINO,PARDA,926814.0,146860,1,12,1,1,ELEITO POR QP
PT,RS,MARCON,DIONILSO MATEUS MARCON,REELEITO,MASCULINO,BRANCA,987733.85,122838,5,31,1,1,ELEITO POR QP
Progressistas,MA,ANDRE FUFUCA,ANDRE LUIZ CARVALHO RIBEIRO,REELEITO,MASCULINO,PARDA,2361961.0,105606,9,18,1,1,ELEITO POR QP
PSL,RJ,MÁRCIO LABRE,MÁRCIO DA SILVEIRA LABRE,1a ELEIÇÃO,MASCULINO,PARDA,22595.0,46934,34,46,1,1,ELEITO POR QP
PSOL,RJ,GLAUBER BRAGA,GLAUBER DE MEDEIROS BRAGA,REELEITO,MASCULINO,BRANCA,380718.59,40199,43,46,1,1,ELEITO POR QP
PSB,AL,JHC,JOÃO HENRIQUE HOLANDA CALDAS,REELEITO,MASCULINO,PARDA,1395400.0,178645,1,9,1,1,ELEITO POR QP
Republicanos,MG,GILBERTO ABRAMO,GILBERTO APARECIDO ABRAMO,1a ELEIÇÃO,MASCULINO,BRANCA,1495713.46,162092,6,53,1,1,ELEITO POR QP
PT,SP,NILTO TATTO,NILTO IGNACIO TATTO,REELEITO,MASCULINO,BRANCA,1304856.12,124281,27,70,1,1,ELEITO POR QP
PSD,SP,DR. ELEUSES PAIVA,ELEUSES VIEIRA DE PAIVA,1a ELEIÇÃO,MASCULINO,BRANCA,2106335.0,81160,57,70,0,1,SUPLENTE
MDB,MA,HILDO ROCHA,HILDO AUGUSTO DA ROCHA NETO,REELEITO,MASCULINO,BRANCA,1514823.86,77661,14,18,1,1,ELEITO POR QP
PSC,SE,VALDEVAN NOVENTA,JOSÉ VALDEVAN DE JESUS SANTOS,1a ELEIÇÃO,MASCULINO,PARDA,352193.0,45472,9,8,1,0,ELEITO POR MÉDIA
PSL,PR,FILIPE BARROS,FILIPE BARROS BAPTISTA DE TOLEDO RIBEIRO,1a ELEIÇÃO,MASCULINO,BRANCA,393006.75,75326,24,30,1,1,ELEITO POR QP
Cidadania,PR,RUBENS BUENO,RUBENS BUENO,REELEITO,MASCULINO,BRANCA,1268662.11,76471,22,30,1,1,ELEITO POR QP
PL,MG,LINCOLN PORTELA,LINCOLN DINIZ PORTELA,REELEITO,MASCULINO,BRANCA,1654850.0,105731,22,53,1,1,ELEITO POR QP
PT,PR,ENIO VERRI,ENIO JOSÉ VERRI,REELEITO,MASCULINO,BRANCA,967474.39,62169,33,30,1,0,ELEITO POR MÉDIA
PSL,SP,LUIZ PHILIPPE O. BRAGANÇA,LUIZ PHILIPPE DE ORLEANS BRAGANÇA,1a ELEIÇÃO,MASCULINO,BRANCA,196625.24,118457,33,70,1,1,ELEITO POR QP
PSDB,GO,CÉLIO SILVEIRA,CÉLIO ANTÔNIO DA SILVEIRA,REELEITO,MASCULINO,BRANCA,1266100.0,70663,14,17,1,1,ELEITO POR MÉDIA
PSDB,AC,MARA ROCHA,CYLMARA FERNANDES DA ROCHA GRIPP,1a ELEIÇÃO,FEMININO,BRANCA,1632865.55,40047,1,8,1,1,ELEITO POR QP
PL,SP,LUIZ CARLOS MOTTA,LUIZ CARLOS MOTTA,1a ELEIÇÃO,MASCULINO,BRANCA,1839505.0,75218,65,70,1,1,ELEITO POR MÉDIA
DEM,SP,ELI CORRÊA FILHO,ADRIANO ELI CORRÊA,REELEITO,MASCULINO,BRANCA,927877.84,92257,47,70,1,1,ELEITO POR MÉDIA
PSB,PR,LUCIANO DUCCI,LUCIANO DUCCI,REELEITO,MASCULINO,BRANCA,2075722.7700000003,98214,13,30,1,1,ELEITO POR QP
PT,BA,VALMIR ASSUNÇÃO,VALMIR CARLOS DA ASSUNÇÃO,REELEITO,MASCULINO,PRETA,988162.5,118313,11,39,1,1,ELEITO POR QP
PSB,PR,ALIEL MACHADO,ALIEL MACHADO BARK,REELEITO,MASCULINO,BRANCA,1450777.23,95386,14,30,1,1,ELEITO POR QP
PSOL,RJ,JEAN WYLLYS,JEAN WYLLYS DE MATOS SANTOS,REELEITO,MASCULINO,PRETA,418735.2299999994,24295,77,46,1,0,ELEITO POR MÉDIA
MDB,RJ,DANIELA DO WAGUINHO,DANIELA MOTE DE SOUZA CARNEIRO,1a ELEIÇÃO,FEMININO,BRANCA,1172263.08,136286,6,46,1,1,ELEITO POR QP
Republicanos,DF,JULIO CESAR,JULIO CESAR RIBEIRO,1a ELEIÇÃO,MASCULINO,BRANCA,1574914.41,79775,4,8,1,1,ELEITO POR QP
PCdoB,SP,ORLANDO SILVA,ORLANDO SILVA DE JESUS JUNIOR,REELEITO,MASCULINO,PRETA,1412808.08,64822,74,70,1,0,ELEITO POR MÉDIA
Progressistas,PR,SCHIAVINATO,JOSE CARLOS SCHIAVINATO,1a ELEIÇÃO,MASCULINO,BRANCA,1163979.51,75540,23,30,1,1,ELEITO POR MÉDIA
PSB,MG,JULIO DELGADO,JULIO CESAR DELGADO,REELEITO,MASCULINO,BRANCA,1617570.0,58413,51,53,1,1,ELEITO POR MÉDIA
PDT,RJ,PAULO RAMOS,PAULO SERGIO RAMOS BARBOZA,1a ELEIÇÃO,MASCULINO,BRANCA,199398.64,25557,72,46,1,0,ELEITO POR QP
PT,PB,FREI ANASTACIO,ANTONIO RIBEIRO,1a ELEIÇÃO,MASCULINO,BRANCA,534813.95,91408,6,12,1,1,ELEITO POR QP
DEM,CE,DR. ANÍBAL,ANÍBAL FERREIRA GOMES,REELEITO,MASCULINO,PARDA,940000.0,78930,20,22,0,1,SUPLENTE
PL,RR,EDIO LOPES,EDIO VIEIRA LOPES,REELEITO,MASCULINO,PARDA,1851184.0,11952,6,8,1,1,ELEITO POR MÉDIA
PT,BA,JOSIAS GOMES,JOSIAS GOMES DA SILVA,REELEITO,MASCULINO,PARDA,944360.0,115571,13,39,1,1,ELEITO POR QP
MDB,CE,MOSES RODRIGUES,MOSES HAENDEL MELO RODRIGUES,REELEITO,MASCULINO,BRANCA,2058500.0,128526,9,22,1,1,ELEITO POR QP
DEM,BA,ARTHUR MAIA,ARTHUR DE OLIVEIRA MAIA DA SILVA,REELEITO,MASCULINO,BRANCA,1451250.0,88908,27,39,1,1,ELEITO POR QP
PT,ES,HELDER SALOMÃO,HELDER IGNACIO SALOMÃO,REELEITO,MASCULINO,BRANCA,919049.77,73384,4,10,1,1,ELEITO POR MÉDIA
PT,SP,VICENTINHO,VICENTE PAULO DA SILVA,REELEITO,MASCULINO,PRETA,940827.67,70645,69,70,1,1,ELEITO POR QP
PDT,BA,FELIX MENDONÇA,FELIX DE ALMEIDA MENDONÇA JUNIOR,REELEITO,MASCULINO,BRANCA,1250355.13,91913,26,39,1,1,ELEITO POR QP
PSDB,PA,CELSO SABINO,CELSO SABINO DE OLIVEIRA,1a ELEIÇÃO,MASCULINO,BRANCA,280454.39,146288,8,17,1,1,ELEITO POR QP
PSL,PE,LUCIANO BIVAR,LUCIANO CALDAS BIVAR,1a ELEIÇÃO,MASCULINO,BRANCA,1950000.0,117943,7,25,1,1,ELEITO POR QP
Patriota,MG,FRED COSTA,FREDERICO BORGES DA COSTA,1a ELEIÇÃO,MASCULINO,BRANCA,1444222.86,87446,31,53,1,1,ELEITO POR QP
PL,RJ,DICA,JORGE MOREIRA THEODORO,1a ELEIÇÃO,MASCULINO,BRANCA,932488.75,39225,45,46,0,1,SUPLENTE
Cidadania,PE,DANIEL COELHO,DANIEL PIRES COELHO,REELEITO,MASCULINO,BRANCA,1450662.89,97745,11,25,1,1,ELEITO POR QP
PDT,CE,EDUARDO BISMARCK,EDUARDO HENRIQUE MAIA BISMARCK,1a ELEIÇÃO,MASCULINO,BRANCA,510449.14,87009,19,22,1,1,ELEITO POR MÉDIA
MDB,MT,JUAREZ COSTA,JUAREZ ALVES DA COSTA,1a ELEIÇÃO,MASCULINO,PARDA,401288.0,49912,10,8,1,0,ELEITO POR MÉDIA
PROS,PR,BOCA ABERTA,EMERSON MIGUEL PETRIV,1a ELEIÇÃO,MASCULINO,BRANCA,254200.0,90158,19,30,1,1,ELEITO POR QP
PSL,SC,DANIEL FREITAS,DANIEL COSTA DE FREITAS,1a ELEIÇÃO,MASCULINO,BRANCA,329200.0,142571,2,16,1,1,ELEITO POR QP
PSC,TO,OSIRES DAMASO,OSIRES RODRIGUES DAMASO,1a ELEIÇÃO,MASCULINO,PARDA,527040.09,58726,2,8,1,1,ELEITO POR QP
DEM,TO,CARLOS HENRIQUE GAGUIM,CARLOS HENRIQUE AMORIM,REELEITO,MASCULINO,BRANCA,1028888.15,48012,5,8,1,1,ELEITO POR QP
Republicanos,RJ,ROSANGELA GOMES ,ROSANGELA DE SOUZA GOMES ,REELEITO,FEMININO,PRETA,1444572.27,63952,17,46,1,1,ELEITO POR QP
Republicanos,PE,BISPO OSSESIO,OSSESIO JOSE DA SILVA,1a ELEIÇÃO,MASCULINO,PRETA,715252.73,65939,22,25,1,1,ELEITO POR MÉDIA
REDE,RR,JOENIA WAPICHANA,JOENIA BATISTA DE CARVALHO,1a ELEIÇÃO,FEMININO,INDÍGENA,239035.13,8491,11,8,1,0,ELEITO POR MÉDIA
NOVO,SP,ALEXIS,ALEXIS JOSEPH STEVERLYNCK FONTEYNE,1a ELEIÇÃO,MASCULINO,BRANCA,115308.32,45298,105,70,1,0,ELEITO POR MÉDIA
PDT,CE,LEONIDAS CRISTINO,JOSÉ LEÔNIDAS DE MENEZES CRISTINO,REELEITO,MASCULINO,BRANCA,619350.0,102417,16,22,1,1,ELEITO POR MÉDIA
Progressistas,RS,AFONSO HAMM,JOSÉ ALFONSO EBERT HAMM,REELEITO,MASCULINO,BRANCA,1552840.0,100018,17,31,1,1,ELEITO POR QP
DEM,SP,GENINHO ZULIANI,EUGENIO JOSÉ ZULIANI,1a ELEIÇÃO,MASCULINO,BRANCA,1286479.41,89378,49,70,1,1,ELEITO POR MÉDIA
PT,MG,MARGARIDA SALOMÃO,MARIA MARGARIDA MARTINS SALOMÃO,REELEITO,FEMININO,BRANCA,1037963.0,89378,27,53,1,1,ELEITO POR QP
Solidariedade,AM,BOSCO SARAIVA,JOÃO BOSCO GOMES SARAIVA,1a ELEIÇÃO,MASCULINO,PARDA,638514.66,55477,11,8,1,0,ELEITO POR MÉDIA
PSDB,MG,DOMINGOS SÁVIO,DOMINGOS SÁVIO CAMPOS RESENDE,REELEITO,MASCULINO,BRANCA,1937791.19,80990,32,53,1,1,ELEITO POR QP
PT,SP,ARLINDO CHINAGLIA,ARLINDO CHIGNALIA JUNIOR,REELEITO,MASCULINO,BRANCA,1743619.0799999996,87449,51,70,1,1,ELEITO POR QP
DEM,ES,NORMA AYUB,NORMA AYUB ALVES,1a ELEIÇÃO,FEMININO,BRANCA,1688948.86,57156,7,10,1,1,ELEITO POR MÉDIA
Republicanos,PB,HUGO,HUGO MOTTA WANDERLEY DA NÓBREGA,REELEITO,MASCULINO,BRANCA,1005708.16,92468,5,12,1,1,ELEITO POR QP
PSL,AC,TIÃO BOCALOM,SEBASTIÃO BOCALOM RODRIGUES,1a ELEIÇÃO,MASCULINO,BRANCA,128737.89,21872,5,8,0,1,NÃO ELEITO
Progressistas,SP,ARNALDO FARIA DE SÁ,ARNALDO FARIA DE SÁ,REELEITO,MASCULINO,BRANCA,1632536.54,85381,54,70,0,1,SUPLENTE
PSL,MG,CHARLLES EVANGELISTA,CHARLLES THOMACELLI EVANGELISTA,1a ELEIÇÃO,MASCULINO,BRANCA,153557.57,51626,59,53,1,0,ELEITO POR QP
Solidariedade,RR,OTACI,JOSE OTACI BARROSO DO NASCIMENTO,1a ELEIÇÃO,MASCULINO,PARDA,229619.32,11879,7,8,1,1,ELEITO POR MÉDIA
PCdoB,MA,MÁRCIO JERRY,MÁRCIO JERRY SARAIVA BARROSO,1a ELEIÇÃO,MASCULINO,PARDA,950659.82,134223,3,18,1,1,ELEITO POR QP
PL,PR,GIACOBO,FERNANDO LUCIO GIACOBO,REELEITO,MASCULINO,BRANCA,2182716.81,111384,9,30,1,1,ELEITO POR QP
PL,PR,LUIZ NISHIMORI,LUIZ HILOSHI NISHIMORI,REELEITO,MASCULINO,AMARELA,2431125.0,73344,25,30,1,1,ELEITO POR MÉDIA
Republicanos,AP,ALINE GURGEL,ALINE PARANHOS VARONIL GURGEL,1a ELEIÇÃO,FEMININO,BRANCA,2092976.22,16519,4,8,1,1,ELEITO POR QP
Podemos,MT,JOSE MEDEIROS,JOSE ANTONIO DOS SANTOS MEDEIROS,1a ELEIÇÃO,MASCULINO,BRANCA,1614922.5,82528,2,8,1,1,ELEITO POR QP
DEM,DF,LUIS MIRANDA,LUIS CLAUDIO FERNANDES MIRANDA,1a ELEIÇÃO,MASCULINO,BRANCA,530718.0,65107,6,8,1,1,ELEITO POR MÉDIA
Republicanos,RJ,BENEDITO ALVES ,BENEDITO ALVES COSTA ,1a ELEIÇÃO,MASCULINO,PARDA,447842.6,51963,27,46,0,1,SUPLENTE
PSB,ES,FELIPE RIGONI,FELIPE RIGONI LOPES,1a ELEIÇÃO,MASCULINO,BRANCA,912995.3700000005,84405,2,10,1,1,ELEITO POR QP
Progressistas,PE,FERNANDO MONTEIRO,FERNANDO MONTEIRO DE ALBUQUERQUE,1a ELEIÇÃO,MASCULINO,BRANCA,2367589.15,82071,16,25,1,1,ELEITO POR QP
Republicanos,MG,LAFAYETTE ANDRADA,LAFAYETTE LUIZ DOORGAL DE ANDRADA,1a ELEIÇÃO,MASCULINO,BRANCA,1793351.61,103090,24,53,1,1,ELEITO POR QP
PL,SC,JORGE GOETTEN ,JORGE GOETTEN DE LIMA,1a ELEIÇÃO,MASCULINO,BRANCA,947933.91,61839,16,16,0,1,SUPLENTE
DEM,RJ,LAURA CARNEIRO,MARIA LAURA MONTEZA DE SOUZA CARNEIRO,1a ELEIÇÃO,FEMININO,BRANCA,2050196.9800000002,40212,42,46,0,1,SUPLENTE
PSDB,MS,GERALDO RESENDE,GERALDO RESENDE PEREIRA,REELEITO,MASCULINO,BRANCA,1058617.8800000006,61675,5,8,0,1,SUPLENTE
Republicanos,AM,SILAS CÂMARA,SILAS CÂMARA,REELEITO,MASCULINO,PARDA,1532199.59,117181,4,8,1,1,ELEITO POR QP
